INSERT INTO category (`category_id`,`category_name`) VALUES (1,'Coffee');
INSERT INTO category (`category_id`,`category_name`) VALUES (2,'Sandwhich');
INSERT INTO items_table (`item_id`,`item_name`,`price`,`category_id`) VALUES (1,'Chai Coffee',6.32,1);
INSERT INTO items_table (`item_id`,`item_name`,`price`,`category_id`) VALUES (2,'Green Tea',8.93,1);
INSERT INTO items_table (`item_id`,`item_name`,`price`,`category_id`) VALUES (3,'Cactus Coffee',3.73,1);
INSERT INTO items_table (`item_id`,`item_name`,`price`,`category_id`) VALUES (4,'Violet Coffee',0.54,1);
INSERT INTO items_table (`item_id`,`item_name`,`price`,`category_id`) VALUES (5,'Sweet Tea',9.81,1);
INSERT INTO items_table (`item_id`,`item_name`,`price`,`category_id`) VALUES (6,'Washington Sandwhich',1.72,2);
INSERT INTO items_table (`item_id`,`item_name`,`price`,`category_id`) VALUES (7,'Ahmed Burger',4.17,2);
INSERT INTO items_table (`item_id`,`item_name`,`price`,`category_id`) VALUES (8,'Steve Tacos',9.73,2);
INSERT INTO items_table (`item_id`,`item_name`,`price`,`category_id`) VALUES (9,'Tahsin Bagel',3.43,2);
INSERT INTO items_table (`item_id`,`item_name`,`price`,`category_id`) VALUES (10,'Just a Sandwhich',4.39,2);
insert into employee (emp_id, emp_name) values (1, 'Lon');
insert into employee (emp_id, emp_name) values (2, 'Lynnell');
insert into employee (emp_id, emp_name) values (3, 'Gerrie');
insert into employee (emp_id, emp_name) values (4, 'Loydie');
insert into employee (emp_id, emp_name) values (5, 'Giacopo');
INSERT INTO order_table (`order_id`,`order_qty`,`item_id`,`order_completedAT`,`emp_id`) VALUES (1,10,6,'2019-09-11 09:30:51',1);
INSERT INTO order_table (`order_id`,`order_qty`,`item_id`,`order_completedAT`,`emp_id`) VALUES (2,5,10,'2019-08-18 10:39:53',4);
INSERT INTO order_table (`order_id`,`order_qty`,`item_id`,`order_completedAT`,`emp_id`) VALUES (3,5,5,'2019-09-17 21:19:20',3);
INSERT INTO order_table (`order_id`,`order_qty`,`item_id`,`order_completedAT`,`emp_id`) VALUES (4,4,9,'2019-08-10 20:27:43',4);
INSERT INTO order_table (`order_id`,`order_qty`,`item_id`,`order_completedAT`,`emp_id`) VALUES (5,2,9,'2019-09-04 20:18:05',5);
INSERT INTO order_table (`order_id`,`order_qty`,`item_id`,`order_completedAT`,`emp_id`) VALUES (6,1,4,'2019-08-19 11:13:54',2);
INSERT INTO order_table (`order_id`,`order_qty`,`item_id`,`order_completedAT`,`emp_id`) VALUES (7,10,6,'2019-09-24 04:02:15',4);
INSERT INTO order_table (`order_id`,`order_qty`,`item_id`,`order_completedAT`,`emp_id`) VALUES (8,1,10,'2019-09-20 14:55:04',4);
INSERT INTO order_table (`order_id`,`order_qty`,`item_id`,`order_completedAT`,`emp_id`) VALUES (9,3,10,'2019-08-10 04:58:05',5);
INSERT INTO order_table (`order_id`,`order_qty`,`item_id`,`order_completedAT`,`emp_id`) VALUES (10,1,3,'2019-08-18 16:46:00',2);
INSERT INTO order_table (`order_id`,`order_qty`,`item_id`,`order_completedAT`,`emp_id`) VALUES (11,7,8,'2019-08-19 22:34:06',1);
INSERT INTO order_table (`order_id`,`order_qty`,`item_id`,`order_completedAT`,`emp_id`) VALUES (12,6,2,'2019-09-09 04:45:58',5);
INSERT INTO order_table (`order_id`,`order_qty`,`item_id`,`order_completedAT`,`emp_id`) VALUES (13,9,9,'2019-08-21 22:31:16',5);
INSERT INTO order_table (`order_id`,`order_qty`,`item_id`,`order_completedAT`,`emp_id`) VALUES (14,4,9,'2019-09-04 09:34:16',3);
INSERT INTO order_table (`order_id`,`order_qty`,`item_id`,`order_completedAT`,`emp_id`) VALUES (15,4,5,'2019-08-16 04:16:35',5);
INSERT INTO order_table (`order_id`,`order_qty`,`item_id`,`order_completedAT`,`emp_id`) VALUES (16,8,5,'2019-09-26 18:49:02',4);
INSERT INTO order_table (`order_id`,`order_qty`,`item_id`,`order_completedAT`,`emp_id`) VALUES (17,4,6,'2019-08-20 03:43:57',2);
INSERT INTO order_table (`order_id`,`order_qty`,`item_id`,`order_completedAT`,`emp_id`) VALUES (18,10,3,'2019-09-21 05:24:13',5);
INSERT INTO order_table (`order_id`,`order_qty`,`item_id`,`order_completedAT`,`emp_id`) VALUES (19,2,6,'2019-09-19 14:06:55',1);
INSERT INTO order_table (`order_id`,`order_qty`,`item_id`,`order_completedAT`,`emp_id`) VALUES (20,7,1,'2019-09-17 11:25:39',2);
INSERT INTO order_table (`order_id`,`order_qty`,`item_id`,`order_completedAT`,`emp_id`) VALUES (21,5,3,'2019-08-12 22:04:28',2);
INSERT INTO order_table (`order_id`,`order_qty`,`item_id`,`order_completedAT`,`emp_id`) VALUES (22,5,9,'2019-08-03 00:31:20',5);
INSERT INTO order_table (`order_id`,`order_qty`,`item_id`,`order_completedAT`,`emp_id`) VALUES (23,2,7,'2019-08-16 19:54:41',1);
INSERT INTO order_table (`order_id`,`order_qty`,`item_id`,`order_completedAT`,`emp_id`) VALUES (24,5,1,'2019-09-16 22:23:56',1);
INSERT INTO order_table (`order_id`,`order_qty`,`item_id`,`order_completedAT`,`emp_id`) VALUES (25,6,7,'2019-09-06 16:56:10',2);
INSERT INTO order_table (`order_id`,`order_qty`,`item_id`,`order_completedAT`,`emp_id`) VALUES (26,2,2,'2019-09-25 23:55:39',4);
INSERT INTO order_table (`order_id`,`order_qty`,`item_id`,`order_completedAT`,`emp_id`) VALUES (27,5,8,'2019-08-06 04:43:19',1);
INSERT INTO order_table (`order_id`,`order_qty`,`item_id`,`order_completedAT`,`emp_id`) VALUES (28,5,7,'2019-08-31 23:33:58',5);
INSERT INTO order_table (`order_id`,`order_qty`,`item_id`,`order_completedAT`,`emp_id`) VALUES (29,7,4,'2019-08-27 09:58:56',4);
INSERT INTO order_table (`order_id`,`order_qty`,`item_id`,`order_completedAT`,`emp_id`) VALUES (30,7,9,'2019-09-22 11:31:29',4);
INSERT INTO order_table (`order_id`,`order_qty`,`item_id`,`order_completedAT`,`emp_id`) VALUES (31,2,10,'2019-09-16 23:40:57',1);
INSERT INTO order_table (`order_id`,`order_qty`,`item_id`,`order_completedAT`,`emp_id`) VALUES (32,7,5,'2019-08-25 03:05:41',4);
INSERT INTO order_table (`order_id`,`order_qty`,`item_id`,`order_completedAT`,`emp_id`) VALUES (33,4,2,'2019-09-13 22:11:30',2);
INSERT INTO order_table (`order_id`,`order_qty`,`item_id`,`order_completedAT`,`emp_id`) VALUES (34,2,10,'2019-09-29 11:03:41',3);
INSERT INTO order_table (`order_id`,`order_qty`,`item_id`,`order_completedAT`,`emp_id`) VALUES (35,6,5,'2019-08-09 14:12:21',5);
INSERT INTO order_table (`order_id`,`order_qty`,`item_id`,`order_completedAT`,`emp_id`) VALUES (36,10,4,'2019-08-14 19:12:44',4);
INSERT INTO order_table (`order_id`,`order_qty`,`item_id`,`order_completedAT`,`emp_id`) VALUES (37,1,4,'2019-09-04 05:38:32',1);
INSERT INTO order_table (`order_id`,`order_qty`,`item_id`,`order_completedAT`,`emp_id`) VALUES (38,3,2,'2019-08-07 08:35:59',5);
INSERT INTO order_table (`order_id`,`order_qty`,`item_id`,`order_completedAT`,`emp_id`) VALUES (39,4,2,'2019-09-04 02:49:50',2);
INSERT INTO order_table (`order_id`,`order_qty`,`item_id`,`order_completedAT`,`emp_id`) VALUES (40,1,6,'2019-09-07 22:51:02',5);
INSERT INTO order_table (`order_id`,`order_qty`,`item_id`,`order_completedAT`,`emp_id`) VALUES (41,3,5,'2019-09-21 22:44:27',2);
INSERT INTO order_table (`order_id`,`order_qty`,`item_id`,`order_completedAT`,`emp_id`) VALUES (42,10,3,'2019-08-04 09:05:02',2);
INSERT INTO order_table (`order_id`,`order_qty`,`item_id`,`order_completedAT`,`emp_id`) VALUES (43,3,9,'2019-08-04 21:41:01',5);
INSERT INTO order_table (`order_id`,`order_qty`,`item_id`,`order_completedAT`,`emp_id`) VALUES (44,7,4,'2019-09-22 13:00:11',2);
INSERT INTO order_table (`order_id`,`order_qty`,`item_id`,`order_completedAT`,`emp_id`) VALUES (45,9,1,'2019-09-17 14:30:30',1);
INSERT INTO order_table (`order_id`,`order_qty`,`item_id`,`order_completedAT`,`emp_id`) VALUES (46,4,6,'2019-09-02 21:13:33',5);
INSERT INTO order_table (`order_id`,`order_qty`,`item_id`,`order_completedAT`,`emp_id`) VALUES (47,7,10,'2019-08-05 22:14:06',2);
INSERT INTO order_table (`order_id`,`order_qty`,`item_id`,`order_completedAT`,`emp_id`) VALUES (48,10,4,'2019-08-30 16:57:57',1);
INSERT INTO order_table (`order_id`,`order_qty`,`item_id`,`order_completedAT`,`emp_id`) VALUES (49,5,3,'2019-09-11 11:29:32',2);
INSERT INTO order_table (`order_id`,`order_qty`,`item_id`,`order_completedAT`,`emp_id`) VALUES (50,7,3,'2019-09-13 12:25:30',4);
INSERT INTO order_table (`order_id`,`order_qty`,`item_id`,`order_completedAT`,`emp_id`) VALUES (51,1,2,'2019-09-18 22:30:05',2);
INSERT INTO order_table (`order_id`,`order_qty`,`item_id`,`order_completedAT`,`emp_id`) VALUES (52,7,8,'2019-09-23 02:17:17',1);
INSERT INTO order_table (`order_id`,`order_qty`,`item_id`,`order_completedAT`,`emp_id`) VALUES (53,3,10,'2019-09-23 16:25:12',5);
INSERT INTO order_table (`order_id`,`order_qty`,`item_id`,`order_completedAT`,`emp_id`) VALUES (54,1,4,'2019-09-17 14:16:54',4);
INSERT INTO order_table (`order_id`,`order_qty`,`item_id`,`order_completedAT`,`emp_id`) VALUES (55,2,10,'2019-09-09 08:18:21',5);
INSERT INTO order_table (`order_id`,`order_qty`,`item_id`,`order_completedAT`,`emp_id`) VALUES (56,5,1,'2019-08-17 05:53:00',5);
INSERT INTO order_table (`order_id`,`order_qty`,`item_id`,`order_completedAT`,`emp_id`) VALUES (57,4,2,'2019-08-15 10:00:39',1);
INSERT INTO order_table (`order_id`,`order_qty`,`item_id`,`order_completedAT`,`emp_id`) VALUES (58,2,6,'2019-09-20 19:09:09',4);
INSERT INTO order_table (`order_id`,`order_qty`,`item_id`,`order_completedAT`,`emp_id`) VALUES (59,2,9,'2019-09-12 18:57:04',1);
INSERT INTO order_table (`order_id`,`order_qty`,`item_id`,`order_completedAT`,`emp_id`) VALUES (60,7,2,'2019-09-10 19:21:41',4);
INSERT INTO order_table (`order_id`,`order_qty`,`item_id`,`order_completedAT`,`emp_id`) VALUES (61,6,1,'2019-08-14 19:36:14',2);
INSERT INTO order_table (`order_id`,`order_qty`,`item_id`,`order_completedAT`,`emp_id`) VALUES (62,5,6,'2019-09-24 13:47:07',5);
INSERT INTO order_table (`order_id`,`order_qty`,`item_id`,`order_completedAT`,`emp_id`) VALUES (63,10,2,'2019-08-21 03:36:58',2);
INSERT INTO order_table (`order_id`,`order_qty`,`item_id`,`order_completedAT`,`emp_id`) VALUES (64,7,3,'2019-08-17 03:11:37',2);
INSERT INTO order_table (`order_id`,`order_qty`,`item_id`,`order_completedAT`,`emp_id`) VALUES (65,10,6,'2019-08-30 22:01:55',1);
INSERT INTO order_table (`order_id`,`order_qty`,`item_id`,`order_completedAT`,`emp_id`) VALUES (66,7,2,'2019-09-23 02:21:01',4);
INSERT INTO order_table (`order_id`,`order_qty`,`item_id`,`order_completedAT`,`emp_id`) VALUES (67,7,2,'2019-08-13 11:18:08',4);
INSERT INTO order_table (`order_id`,`order_qty`,`item_id`,`order_completedAT`,`emp_id`) VALUES (68,6,10,'2019-08-12 07:19:10',2);
INSERT INTO order_table (`order_id`,`order_qty`,`item_id`,`order_completedAT`,`emp_id`) VALUES (69,5,9,'2019-08-21 04:17:09',3);
INSERT INTO order_table (`order_id`,`order_qty`,`item_id`,`order_completedAT`,`emp_id`) VALUES (70,10,4,'2019-09-29 14:28:24',2);
INSERT INTO order_table (`order_id`,`order_qty`,`item_id`,`order_completedAT`,`emp_id`) VALUES (71,2,8,'2019-08-17 21:46:47',1);
INSERT INTO order_table (`order_id`,`order_qty`,`item_id`,`order_completedAT`,`emp_id`) VALUES (72,3,3,'2019-08-27 06:16:27',1);
INSERT INTO order_table (`order_id`,`order_qty`,`item_id`,`order_completedAT`,`emp_id`) VALUES (73,7,4,'2019-09-20 17:56:37',3);
INSERT INTO order_table (`order_id`,`order_qty`,`item_id`,`order_completedAT`,`emp_id`) VALUES (74,3,5,'2019-08-25 16:07:40',4);
INSERT INTO order_table (`order_id`,`order_qty`,`item_id`,`order_completedAT`,`emp_id`) VALUES (75,3,5,'2019-08-05 11:22:40',5);
INSERT INTO order_table (`order_id`,`order_qty`,`item_id`,`order_completedAT`,`emp_id`) VALUES (76,2,10,'2019-09-25 23:30:15',3);
INSERT INTO order_table (`order_id`,`order_qty`,`item_id`,`order_completedAT`,`emp_id`) VALUES (77,2,4,'2019-08-29 03:15:40',1);
INSERT INTO order_table (`order_id`,`order_qty`,`item_id`,`order_completedAT`,`emp_id`) VALUES (78,1,6,'2019-08-19 13:05:16',5);
INSERT INTO order_table (`order_id`,`order_qty`,`item_id`,`order_completedAT`,`emp_id`) VALUES (79,10,4,'2019-09-04 01:09:11',5);
INSERT INTO order_table (`order_id`,`order_qty`,`item_id`,`order_completedAT`,`emp_id`) VALUES (80,10,1,'2019-08-15 02:38:01',2);
INSERT INTO order_table (`order_id`,`order_qty`,`item_id`,`order_completedAT`,`emp_id`) VALUES (81,5,8,'2019-09-21 08:43:07',4);
INSERT INTO order_table (`order_id`,`order_qty`,`item_id`,`order_completedAT`,`emp_id`) VALUES (82,6,10,'2019-08-05 06:21:32',3);
INSERT INTO order_table (`order_id`,`order_qty`,`item_id`,`order_completedAT`,`emp_id`) VALUES (83,8,7,'2019-08-11 08:30:00',2);
INSERT INTO order_table (`order_id`,`order_qty`,`item_id`,`order_completedAT`,`emp_id`) VALUES (84,5,8,'2019-09-08 15:47:23',4);
INSERT INTO order_table (`order_id`,`order_qty`,`item_id`,`order_completedAT`,`emp_id`) VALUES (85,3,7,'2019-09-12 15:40:27',1);
INSERT INTO order_table (`order_id`,`order_qty`,`item_id`,`order_completedAT`,`emp_id`) VALUES (86,6,10,'2019-08-25 07:19:32',5);
INSERT INTO order_table (`order_id`,`order_qty`,`item_id`,`order_completedAT`,`emp_id`) VALUES (87,1,3,'2019-08-31 20:12:30',2);
INSERT INTO order_table (`order_id`,`order_qty`,`item_id`,`order_completedAT`,`emp_id`) VALUES (88,6,9,'2019-08-02 10:58:01',3);
INSERT INTO order_table (`order_id`,`order_qty`,`item_id`,`order_completedAT`,`emp_id`) VALUES (89,1,4,'2019-09-16 23:38:00',2);
INSERT INTO order_table (`order_id`,`order_qty`,`item_id`,`order_completedAT`,`emp_id`) VALUES (90,3,3,'2019-08-23 13:12:37',4);
INSERT INTO order_table (`order_id`,`order_qty`,`item_id`,`order_completedAT`,`emp_id`) VALUES (91,7,2,'2019-09-21 05:29:06',5);
INSERT INTO order_table (`order_id`,`order_qty`,`item_id`,`order_completedAT`,`emp_id`) VALUES (92,9,10,'2019-09-27 03:45:21',1);
INSERT INTO order_table (`order_id`,`order_qty`,`item_id`,`order_completedAT`,`emp_id`) VALUES (93,8,8,'2019-08-30 17:22:32',2);
INSERT INTO order_table (`order_id`,`order_qty`,`item_id`,`order_completedAT`,`emp_id`) VALUES (94,6,6,'2019-09-10 08:58:53',3);
INSERT INTO order_table (`order_id`,`order_qty`,`item_id`,`order_completedAT`,`emp_id`) VALUES (95,8,2,'2019-09-21 00:28:42',5);
INSERT INTO order_table (`order_id`,`order_qty`,`item_id`,`order_completedAT`,`emp_id`) VALUES (96,9,7,'2019-09-23 15:18:44',1);
INSERT INTO order_table (`order_id`,`order_qty`,`item_id`,`order_completedAT`,`emp_id`) VALUES (97,8,1,'2019-09-07 16:10:31',3);
INSERT INTO order_table (`order_id`,`order_qty`,`item_id`,`order_completedAT`,`emp_id`) VALUES (98,1,7,'2019-09-29 10:46:11',4);
INSERT INTO order_table (`order_id`,`order_qty`,`item_id`,`order_completedAT`,`emp_id`) VALUES (99,1,1,'2019-08-29 03:42:46',5);
INSERT INTO order_table (`order_id`,`order_qty`,`item_id`,`order_completedAT`,`emp_id`) VALUES (100,2,4,'2019-09-04 14:10:42',5);
INSERT INTO order_table (`order_id`,`order_qty`,`item_id`,`order_completedAT`,`emp_id`) VALUES (101,3,1,'2019-08-23 15:04:27',2);
INSERT INTO order_table (`order_id`,`order_qty`,`item_id`,`order_completedAT`,`emp_id`) VALUES (102,10,9,'2019-08-20 09:11:59',4);
INSERT INTO order_table (`order_id`,`order_qty`,`item_id`,`order_completedAT`,`emp_id`) VALUES (103,8,1,'2019-09-21 17:11:41',5);
INSERT INTO order_table (`order_id`,`order_qty`,`item_id`,`order_completedAT`,`emp_id`) VALUES (104,2,10,'2019-08-10 14:32:40',1);
INSERT INTO order_table (`order_id`,`order_qty`,`item_id`,`order_completedAT`,`emp_id`) VALUES (105,7,5,'2019-09-24 15:45:37',5);
INSERT INTO order_table (`order_id`,`order_qty`,`item_id`,`order_completedAT`,`emp_id`) VALUES (106,7,4,'2019-08-27 19:30:11',1);
INSERT INTO order_table (`order_id`,`order_qty`,`item_id`,`order_completedAT`,`emp_id`) VALUES (107,9,3,'2019-08-31 05:38:20',1);
INSERT INTO order_table (`order_id`,`order_qty`,`item_id`,`order_completedAT`,`emp_id`) VALUES (108,4,7,'2019-08-09 06:41:17',5);
INSERT INTO order_table (`order_id`,`order_qty`,`item_id`,`order_completedAT`,`emp_id`) VALUES (109,1,7,'2019-09-18 22:09:38',5);
INSERT INTO order_table (`order_id`,`order_qty`,`item_id`,`order_completedAT`,`emp_id`) VALUES (110,4,1,'2019-08-30 15:49:57',3);
INSERT INTO order_table (`order_id`,`order_qty`,`item_id`,`order_completedAT`,`emp_id`) VALUES (111,7,9,'2019-09-08 00:09:57',1);
INSERT INTO order_table (`order_id`,`order_qty`,`item_id`,`order_completedAT`,`emp_id`) VALUES (112,7,7,'2019-09-28 10:34:22',4);
INSERT INTO order_table (`order_id`,`order_qty`,`item_id`,`order_completedAT`,`emp_id`) VALUES (113,5,5,'2019-09-19 04:49:15',1);
INSERT INTO order_table (`order_id`,`order_qty`,`item_id`,`order_completedAT`,`emp_id`) VALUES (114,5,1,'2019-08-12 06:44:22',1);
INSERT INTO order_table (`order_id`,`order_qty`,`item_id`,`order_completedAT`,`emp_id`) VALUES (115,1,5,'2019-09-29 22:31:20',5);
INSERT INTO order_table (`order_id`,`order_qty`,`item_id`,`order_completedAT`,`emp_id`) VALUES (116,4,9,'2019-09-20 05:12:12',2);
INSERT INTO order_table (`order_id`,`order_qty`,`item_id`,`order_completedAT`,`emp_id`) VALUES (117,2,2,'2019-08-23 01:55:29',4);
INSERT INTO order_table (`order_id`,`order_qty`,`item_id`,`order_completedAT`,`emp_id`) VALUES (118,4,1,'2019-08-06 10:50:54',3);
INSERT INTO order_table (`order_id`,`order_qty`,`item_id`,`order_completedAT`,`emp_id`) VALUES (119,9,3,'2019-09-03 01:40:11',5);
INSERT INTO order_table (`order_id`,`order_qty`,`item_id`,`order_completedAT`,`emp_id`) VALUES (120,3,5,'2019-08-19 09:26:37',1);
INSERT INTO order_table (`order_id`,`order_qty`,`item_id`,`order_completedAT`,`emp_id`) VALUES (121,5,7,'2019-09-03 14:13:31',5);
INSERT INTO order_table (`order_id`,`order_qty`,`item_id`,`order_completedAT`,`emp_id`) VALUES (122,8,4,'2019-09-14 07:43:44',1);
INSERT INTO order_table (`order_id`,`order_qty`,`item_id`,`order_completedAT`,`emp_id`) VALUES (123,7,4,'2019-09-14 10:28:07',5);
INSERT INTO order_table (`order_id`,`order_qty`,`item_id`,`order_completedAT`,`emp_id`) VALUES (124,4,6,'2019-09-13 08:24:20',5);
INSERT INTO order_table (`order_id`,`order_qty`,`item_id`,`order_completedAT`,`emp_id`) VALUES (125,10,9,'2019-08-25 17:46:11',3);
INSERT INTO order_table (`order_id`,`order_qty`,`item_id`,`order_completedAT`,`emp_id`) VALUES (126,7,5,'2019-09-28 20:59:14',3);
INSERT INTO order_table (`order_id`,`order_qty`,`item_id`,`order_completedAT`,`emp_id`) VALUES (127,6,7,'2019-09-02 20:56:43',5);
INSERT INTO order_table (`order_id`,`order_qty`,`item_id`,`order_completedAT`,`emp_id`) VALUES (128,1,9,'2019-09-04 22:44:02',2);
INSERT INTO order_table (`order_id`,`order_qty`,`item_id`,`order_completedAT`,`emp_id`) VALUES (129,3,2,'2019-09-18 00:05:47',1);
INSERT INTO order_table (`order_id`,`order_qty`,`item_id`,`order_completedAT`,`emp_id`) VALUES (130,5,9,'2019-09-25 18:28:31',5);
INSERT INTO order_table (`order_id`,`order_qty`,`item_id`,`order_completedAT`,`emp_id`) VALUES (131,7,1,'2019-09-03 02:04:59',5);
INSERT INTO order_table (`order_id`,`order_qty`,`item_id`,`order_completedAT`,`emp_id`) VALUES (132,8,7,'2019-08-09 12:05:48',1);
INSERT INTO order_table (`order_id`,`order_qty`,`item_id`,`order_completedAT`,`emp_id`) VALUES (133,9,1,'2019-09-14 18:45:37',4);
INSERT INTO order_table (`order_id`,`order_qty`,`item_id`,`order_completedAT`,`emp_id`) VALUES (134,2,3,'2019-08-09 07:40:36',2);
INSERT INTO order_table (`order_id`,`order_qty`,`item_id`,`order_completedAT`,`emp_id`) VALUES (135,10,5,'2019-08-27 21:41:32',3);
INSERT INTO order_table (`order_id`,`order_qty`,`item_id`,`order_completedAT`,`emp_id`) VALUES (136,8,2,'2019-08-11 14:01:01',3);
INSERT INTO order_table (`order_id`,`order_qty`,`item_id`,`order_completedAT`,`emp_id`) VALUES (137,4,4,'2019-09-13 22:20:41',2);
INSERT INTO order_table (`order_id`,`order_qty`,`item_id`,`order_completedAT`,`emp_id`) VALUES (138,7,7,'2019-09-04 12:45:47',2);
INSERT INTO order_table (`order_id`,`order_qty`,`item_id`,`order_completedAT`,`emp_id`) VALUES (139,9,6,'2019-09-05 14:09:01',5);
INSERT INTO order_table (`order_id`,`order_qty`,`item_id`,`order_completedAT`,`emp_id`) VALUES (140,9,3,'2019-08-29 12:24:37',1);
INSERT INTO order_table (`order_id`,`order_qty`,`item_id`,`order_completedAT`,`emp_id`) VALUES (141,7,10,'2019-08-01 13:22:13',2);
INSERT INTO order_table (`order_id`,`order_qty`,`item_id`,`order_completedAT`,`emp_id`) VALUES (142,1,4,'2019-08-26 11:48:44',5);
INSERT INTO order_table (`order_id`,`order_qty`,`item_id`,`order_completedAT`,`emp_id`) VALUES (143,5,1,'2019-08-26 13:14:12',5);
INSERT INTO order_table (`order_id`,`order_qty`,`item_id`,`order_completedAT`,`emp_id`) VALUES (144,9,2,'2019-09-24 22:35:49',5);
INSERT INTO order_table (`order_id`,`order_qty`,`item_id`,`order_completedAT`,`emp_id`) VALUES (145,6,7,'2019-08-28 22:06:31',5);
INSERT INTO order_table (`order_id`,`order_qty`,`item_id`,`order_completedAT`,`emp_id`) VALUES (146,3,3,'2019-08-31 20:03:11',5);
INSERT INTO order_table (`order_id`,`order_qty`,`item_id`,`order_completedAT`,`emp_id`) VALUES (147,5,2,'2019-09-10 01:03:16',1);
INSERT INTO order_table (`order_id`,`order_qty`,`item_id`,`order_completedAT`,`emp_id`) VALUES (148,5,8,'2019-09-16 16:41:34',4);
INSERT INTO order_table (`order_id`,`order_qty`,`item_id`,`order_completedAT`,`emp_id`) VALUES (149,10,10,'2019-08-02 14:49:47',5);
INSERT INTO order_table (`order_id`,`order_qty`,`item_id`,`order_completedAT`,`emp_id`) VALUES (150,5,5,'2019-08-30 10:52:18',1);
INSERT INTO order_table (`order_id`,`order_qty`,`item_id`,`order_completedAT`,`emp_id`) VALUES (151,9,8,'2019-09-03 01:10:35',1);
INSERT INTO order_table (`order_id`,`order_qty`,`item_id`,`order_completedAT`,`emp_id`) VALUES (152,4,4,'2019-08-23 11:36:28',3);
INSERT INTO order_table (`order_id`,`order_qty`,`item_id`,`order_completedAT`,`emp_id`) VALUES (153,2,6,'2019-08-16 23:29:23',2);
INSERT INTO order_table (`order_id`,`order_qty`,`item_id`,`order_completedAT`,`emp_id`) VALUES (154,5,3,'2019-08-27 14:22:19',1);
INSERT INTO order_table (`order_id`,`order_qty`,`item_id`,`order_completedAT`,`emp_id`) VALUES (155,7,5,'2019-09-03 05:25:04',5);
INSERT INTO order_table (`order_id`,`order_qty`,`item_id`,`order_completedAT`,`emp_id`) VALUES (156,10,9,'2019-08-14 09:35:25',4);
INSERT INTO order_table (`order_id`,`order_qty`,`item_id`,`order_completedAT`,`emp_id`) VALUES (157,4,6,'2019-08-11 04:53:40',1);
INSERT INTO order_table (`order_id`,`order_qty`,`item_id`,`order_completedAT`,`emp_id`) VALUES (158,8,8,'2019-08-29 03:52:09',2);
INSERT INTO order_table (`order_id`,`order_qty`,`item_id`,`order_completedAT`,`emp_id`) VALUES (159,2,1,'2019-09-21 00:17:48',1);
INSERT INTO order_table (`order_id`,`order_qty`,`item_id`,`order_completedAT`,`emp_id`) VALUES (160,8,10,'2019-08-25 04:06:11',4);
INSERT INTO order_table (`order_id`,`order_qty`,`item_id`,`order_completedAT`,`emp_id`) VALUES (161,1,6,'2019-09-18 11:05:44',3);
INSERT INTO order_table (`order_id`,`order_qty`,`item_id`,`order_completedAT`,`emp_id`) VALUES (162,6,1,'2019-08-19 20:40:29',4);
INSERT INTO order_table (`order_id`,`order_qty`,`item_id`,`order_completedAT`,`emp_id`) VALUES (163,6,6,'2019-08-22 20:32:44',5);
INSERT INTO order_table (`order_id`,`order_qty`,`item_id`,`order_completedAT`,`emp_id`) VALUES (164,9,8,'2019-09-22 00:41:21',3);
INSERT INTO order_table (`order_id`,`order_qty`,`item_id`,`order_completedAT`,`emp_id`) VALUES (165,5,10,'2019-08-13 00:10:02',3);
INSERT INTO order_table (`order_id`,`order_qty`,`item_id`,`order_completedAT`,`emp_id`) VALUES (166,2,3,'2019-08-27 08:43:43',5);
INSERT INTO order_table (`order_id`,`order_qty`,`item_id`,`order_completedAT`,`emp_id`) VALUES (167,2,2,'2019-08-26 11:00:11',5);
INSERT INTO order_table (`order_id`,`order_qty`,`item_id`,`order_completedAT`,`emp_id`) VALUES (168,6,5,'2019-09-26 14:25:18',1);
INSERT INTO order_table (`order_id`,`order_qty`,`item_id`,`order_completedAT`,`emp_id`) VALUES (169,3,2,'2019-08-23 09:15:51',1);
INSERT INTO order_table (`order_id`,`order_qty`,`item_id`,`order_completedAT`,`emp_id`) VALUES (170,5,6,'2019-09-12 17:33:31',3);
INSERT INTO order_table (`order_id`,`order_qty`,`item_id`,`order_completedAT`,`emp_id`) VALUES (171,5,4,'2019-09-08 05:40:25',4);
INSERT INTO order_table (`order_id`,`order_qty`,`item_id`,`order_completedAT`,`emp_id`) VALUES (172,9,3,'2019-08-28 11:04:14',1);
INSERT INTO order_table (`order_id`,`order_qty`,`item_id`,`order_completedAT`,`emp_id`) VALUES (173,10,7,'2019-08-09 14:25:21',5);
INSERT INTO order_table (`order_id`,`order_qty`,`item_id`,`order_completedAT`,`emp_id`) VALUES (174,10,9,'2019-09-24 20:49:26',5);
INSERT INTO order_table (`order_id`,`order_qty`,`item_id`,`order_completedAT`,`emp_id`) VALUES (175,6,7,'2019-08-22 01:40:10',1);
INSERT INTO order_table (`order_id`,`order_qty`,`item_id`,`order_completedAT`,`emp_id`) VALUES (176,1,3,'2019-08-28 15:21:12',5);
INSERT INTO order_table (`order_id`,`order_qty`,`item_id`,`order_completedAT`,`emp_id`) VALUES (177,9,2,'2019-09-04 16:07:17',4);
INSERT INTO order_table (`order_id`,`order_qty`,`item_id`,`order_completedAT`,`emp_id`) VALUES (178,10,6,'2019-09-25 16:21:16',4);
INSERT INTO order_table (`order_id`,`order_qty`,`item_id`,`order_completedAT`,`emp_id`) VALUES (179,9,7,'2019-08-29 18:18:29',4);
INSERT INTO order_table (`order_id`,`order_qty`,`item_id`,`order_completedAT`,`emp_id`) VALUES (180,1,9,'2019-09-03 07:32:21',3);
INSERT INTO order_table (`order_id`,`order_qty`,`item_id`,`order_completedAT`,`emp_id`) VALUES (181,5,8,'2019-09-27 23:39:39',2);
INSERT INTO order_table (`order_id`,`order_qty`,`item_id`,`order_completedAT`,`emp_id`) VALUES (182,7,9,'2019-08-21 22:17:09',4);
INSERT INTO order_table (`order_id`,`order_qty`,`item_id`,`order_completedAT`,`emp_id`) VALUES (183,7,7,'2019-09-09 20:12:30',1);
INSERT INTO order_table (`order_id`,`order_qty`,`item_id`,`order_completedAT`,`emp_id`) VALUES (184,3,5,'2019-08-21 13:18:07',3);
INSERT INTO order_table (`order_id`,`order_qty`,`item_id`,`order_completedAT`,`emp_id`) VALUES (185,4,7,'2019-08-02 05:35:42',2);
INSERT INTO order_table (`order_id`,`order_qty`,`item_id`,`order_completedAT`,`emp_id`) VALUES (186,4,5,'2019-09-18 20:46:18',2);
INSERT INTO order_table (`order_id`,`order_qty`,`item_id`,`order_completedAT`,`emp_id`) VALUES (187,4,8,'2019-08-24 07:25:07',2);
INSERT INTO order_table (`order_id`,`order_qty`,`item_id`,`order_completedAT`,`emp_id`) VALUES (188,8,3,'2019-08-29 11:55:14',3);
INSERT INTO order_table (`order_id`,`order_qty`,`item_id`,`order_completedAT`,`emp_id`) VALUES (189,3,6,'2019-08-04 07:49:56',4);
INSERT INTO order_table (`order_id`,`order_qty`,`item_id`,`order_completedAT`,`emp_id`) VALUES (190,6,9,'2019-08-24 19:25:28',5);
INSERT INTO order_table (`order_id`,`order_qty`,`item_id`,`order_completedAT`,`emp_id`) VALUES (191,2,3,'2019-08-19 06:30:05',3);
INSERT INTO order_table (`order_id`,`order_qty`,`item_id`,`order_completedAT`,`emp_id`) VALUES (192,8,6,'2019-09-28 00:06:55',2);
INSERT INTO order_table (`order_id`,`order_qty`,`item_id`,`order_completedAT`,`emp_id`) VALUES (193,9,5,'2019-08-12 04:50:10',4);
INSERT INTO order_table (`order_id`,`order_qty`,`item_id`,`order_completedAT`,`emp_id`) VALUES (194,10,3,'2019-09-06 14:34:41',4);
INSERT INTO order_table (`order_id`,`order_qty`,`item_id`,`order_completedAT`,`emp_id`) VALUES (195,10,1,'2019-08-04 02:59:30',1);
INSERT INTO order_table (`order_id`,`order_qty`,`item_id`,`order_completedAT`,`emp_id`) VALUES (196,9,2,'2019-09-27 17:49:24',4);
INSERT INTO order_table (`order_id`,`order_qty`,`item_id`,`order_completedAT`,`emp_id`) VALUES (197,8,6,'2019-08-12 07:00:59',5);
INSERT INTO order_table (`order_id`,`order_qty`,`item_id`,`order_completedAT`,`emp_id`) VALUES (198,9,8,'2019-08-30 09:21:12',1);
INSERT INTO order_table (`order_id`,`order_qty`,`item_id`,`order_completedAT`,`emp_id`) VALUES (199,7,6,'2019-08-26 16:11:53',2);
INSERT INTO order_table (`order_id`,`order_qty`,`item_id`,`order_completedAT`,`emp_id`) VALUES (200,7,5,'2019-09-12 12:34:29',4);
INSERT INTO order_table (`order_id`,`order_qty`,`item_id`,`order_completedAT`,`emp_id`) VALUES (201,6,1,'2019-09-13 03:22:51',2);
INSERT INTO order_table (`order_id`,`order_qty`,`item_id`,`order_completedAT`,`emp_id`) VALUES (202,9,5,'2019-08-07 07:44:22',1);
INSERT INTO order_table (`order_id`,`order_qty`,`item_id`,`order_completedAT`,`emp_id`) VALUES (203,5,10,'2019-09-18 07:07:02',3);
INSERT INTO order_table (`order_id`,`order_qty`,`item_id`,`order_completedAT`,`emp_id`) VALUES (204,6,6,'2019-09-09 14:16:40',2);
INSERT INTO order_table (`order_id`,`order_qty`,`item_id`,`order_completedAT`,`emp_id`) VALUES (205,2,3,'2019-09-13 23:15:36',2);
INSERT INTO order_table (`order_id`,`order_qty`,`item_id`,`order_completedAT`,`emp_id`) VALUES (206,6,6,'2019-08-23 14:08:55',3);
INSERT INTO order_table (`order_id`,`order_qty`,`item_id`,`order_completedAT`,`emp_id`) VALUES (207,4,5,'2019-08-05 04:11:21',1);
INSERT INTO order_table (`order_id`,`order_qty`,`item_id`,`order_completedAT`,`emp_id`) VALUES (208,4,1,'2019-09-12 19:36:36',3);
INSERT INTO order_table (`order_id`,`order_qty`,`item_id`,`order_completedAT`,`emp_id`) VALUES (209,4,9,'2019-09-10 20:21:19',5);
INSERT INTO order_table (`order_id`,`order_qty`,`item_id`,`order_completedAT`,`emp_id`) VALUES (210,8,4,'2019-09-08 20:57:45',5);
INSERT INTO order_table (`order_id`,`order_qty`,`item_id`,`order_completedAT`,`emp_id`) VALUES (211,6,6,'2019-08-10 06:18:48',3);
INSERT INTO order_table (`order_id`,`order_qty`,`item_id`,`order_completedAT`,`emp_id`) VALUES (212,6,3,'2019-09-08 12:06:54',4);
INSERT INTO order_table (`order_id`,`order_qty`,`item_id`,`order_completedAT`,`emp_id`) VALUES (213,7,3,'2019-09-17 12:47:01',3);
INSERT INTO order_table (`order_id`,`order_qty`,`item_id`,`order_completedAT`,`emp_id`) VALUES (214,2,6,'2019-09-17 20:06:32',5);
INSERT INTO order_table (`order_id`,`order_qty`,`item_id`,`order_completedAT`,`emp_id`) VALUES (215,7,3,'2019-09-19 12:22:27',5);
INSERT INTO order_table (`order_id`,`order_qty`,`item_id`,`order_completedAT`,`emp_id`) VALUES (216,4,2,'2019-08-28 16:53:29',3);
INSERT INTO order_table (`order_id`,`order_qty`,`item_id`,`order_completedAT`,`emp_id`) VALUES (217,1,2,'2019-09-12 13:40:38',3);
INSERT INTO order_table (`order_id`,`order_qty`,`item_id`,`order_completedAT`,`emp_id`) VALUES (218,5,8,'2019-08-24 14:44:39',5);
INSERT INTO order_table (`order_id`,`order_qty`,`item_id`,`order_completedAT`,`emp_id`) VALUES (219,3,7,'2019-09-11 19:33:46',5);
INSERT INTO order_table (`order_id`,`order_qty`,`item_id`,`order_completedAT`,`emp_id`) VALUES (220,7,3,'2019-09-23 15:09:55',1);
INSERT INTO order_table (`order_id`,`order_qty`,`item_id`,`order_completedAT`,`emp_id`) VALUES (221,4,8,'2019-09-19 06:50:41',2);
INSERT INTO order_table (`order_id`,`order_qty`,`item_id`,`order_completedAT`,`emp_id`) VALUES (222,6,6,'2019-08-19 09:42:18',3);
INSERT INTO order_table (`order_id`,`order_qty`,`item_id`,`order_completedAT`,`emp_id`) VALUES (223,3,2,'2019-09-01 16:39:56',4);
INSERT INTO order_table (`order_id`,`order_qty`,`item_id`,`order_completedAT`,`emp_id`) VALUES (224,5,5,'2019-09-08 22:10:16',2);
INSERT INTO order_table (`order_id`,`order_qty`,`item_id`,`order_completedAT`,`emp_id`) VALUES (225,5,4,'2019-08-23 06:33:22',2);
INSERT INTO order_table (`order_id`,`order_qty`,`item_id`,`order_completedAT`,`emp_id`) VALUES (226,3,7,'2019-09-02 15:00:30',4);
INSERT INTO order_table (`order_id`,`order_qty`,`item_id`,`order_completedAT`,`emp_id`) VALUES (227,7,2,'2019-08-11 12:23:20',4);
INSERT INTO order_table (`order_id`,`order_qty`,`item_id`,`order_completedAT`,`emp_id`) VALUES (228,1,6,'2019-09-24 15:17:52',1);
INSERT INTO order_table (`order_id`,`order_qty`,`item_id`,`order_completedAT`,`emp_id`) VALUES (229,6,4,'2019-09-08 08:59:26',5);
INSERT INTO order_table (`order_id`,`order_qty`,`item_id`,`order_completedAT`,`emp_id`) VALUES (230,9,10,'2019-09-21 05:07:38',3);
INSERT INTO order_table (`order_id`,`order_qty`,`item_id`,`order_completedAT`,`emp_id`) VALUES (231,5,10,'2019-09-18 03:12:47',2);
INSERT INTO order_table (`order_id`,`order_qty`,`item_id`,`order_completedAT`,`emp_id`) VALUES (232,3,9,'2019-09-27 01:24:51',3);
INSERT INTO order_table (`order_id`,`order_qty`,`item_id`,`order_completedAT`,`emp_id`) VALUES (233,4,10,'2019-08-26 23:54:04',4);
INSERT INTO order_table (`order_id`,`order_qty`,`item_id`,`order_completedAT`,`emp_id`) VALUES (234,2,8,'2019-09-11 17:34:20',4);
INSERT INTO order_table (`order_id`,`order_qty`,`item_id`,`order_completedAT`,`emp_id`) VALUES (235,2,6,'2019-08-10 14:15:45',5);
INSERT INTO order_table (`order_id`,`order_qty`,`item_id`,`order_completedAT`,`emp_id`) VALUES (236,3,3,'2019-09-21 22:59:20',1);
INSERT INTO order_table (`order_id`,`order_qty`,`item_id`,`order_completedAT`,`emp_id`) VALUES (237,4,7,'2019-08-01 14:42:49',1);
INSERT INTO order_table (`order_id`,`order_qty`,`item_id`,`order_completedAT`,`emp_id`) VALUES (238,1,4,'2019-09-24 04:06:47',4);
INSERT INTO order_table (`order_id`,`order_qty`,`item_id`,`order_completedAT`,`emp_id`) VALUES (239,5,9,'2019-09-21 02:44:26',4);
INSERT INTO order_table (`order_id`,`order_qty`,`item_id`,`order_completedAT`,`emp_id`) VALUES (240,4,5,'2019-09-25 00:29:05',2);
INSERT INTO order_table (`order_id`,`order_qty`,`item_id`,`order_completedAT`,`emp_id`) VALUES (241,6,6,'2019-08-08 14:10:05',5);
INSERT INTO order_table (`order_id`,`order_qty`,`item_id`,`order_completedAT`,`emp_id`) VALUES (242,9,6,'2019-08-23 08:43:59',3);
INSERT INTO order_table (`order_id`,`order_qty`,`item_id`,`order_completedAT`,`emp_id`) VALUES (243,2,7,'2019-09-09 10:59:38',4);
INSERT INTO order_table (`order_id`,`order_qty`,`item_id`,`order_completedAT`,`emp_id`) VALUES (244,8,1,'2019-09-27 10:48:44',4);
INSERT INTO order_table (`order_id`,`order_qty`,`item_id`,`order_completedAT`,`emp_id`) VALUES (245,4,2,'2019-09-28 19:26:43',5);
INSERT INTO order_table (`order_id`,`order_qty`,`item_id`,`order_completedAT`,`emp_id`) VALUES (246,3,8,'2019-09-11 05:57:55',5);
INSERT INTO order_table (`order_id`,`order_qty`,`item_id`,`order_completedAT`,`emp_id`) VALUES (247,3,7,'2019-09-02 19:29:20',5);
INSERT INTO order_table (`order_id`,`order_qty`,`item_id`,`order_completedAT`,`emp_id`) VALUES (248,4,6,'2019-09-04 19:57:02',3);
INSERT INTO order_table (`order_id`,`order_qty`,`item_id`,`order_completedAT`,`emp_id`) VALUES (249,2,2,'2019-08-05 10:46:58',1);
INSERT INTO order_table (`order_id`,`order_qty`,`item_id`,`order_completedAT`,`emp_id`) VALUES (250,5,4,'2019-09-03 15:40:10',1);
INSERT INTO order_table (`order_id`,`order_qty`,`item_id`,`order_completedAT`,`emp_id`) VALUES (251,10,1,'2019-09-15 01:09:12',2);
INSERT INTO order_table (`order_id`,`order_qty`,`item_id`,`order_completedAT`,`emp_id`) VALUES (252,3,9,'2019-08-09 06:35:29',1);
INSERT INTO order_table (`order_id`,`order_qty`,`item_id`,`order_completedAT`,`emp_id`) VALUES (253,7,9,'2019-08-07 17:48:17',3);
INSERT INTO order_table (`order_id`,`order_qty`,`item_id`,`order_completedAT`,`emp_id`) VALUES (254,5,6,'2019-08-01 01:37:26',2);
INSERT INTO order_table (`order_id`,`order_qty`,`item_id`,`order_completedAT`,`emp_id`) VALUES (255,8,8,'2019-08-26 14:20:55',2);
INSERT INTO order_table (`order_id`,`order_qty`,`item_id`,`order_completedAT`,`emp_id`) VALUES (256,4,7,'2019-09-08 10:29:48',4);
INSERT INTO order_table (`order_id`,`order_qty`,`item_id`,`order_completedAT`,`emp_id`) VALUES (257,10,7,'2019-08-08 05:23:18',2);
INSERT INTO order_table (`order_id`,`order_qty`,`item_id`,`order_completedAT`,`emp_id`) VALUES (258,7,10,'2019-08-06 12:19:10',2);
INSERT INTO order_table (`order_id`,`order_qty`,`item_id`,`order_completedAT`,`emp_id`) VALUES (259,3,10,'2019-09-12 10:51:06',2);
INSERT INTO order_table (`order_id`,`order_qty`,`item_id`,`order_completedAT`,`emp_id`) VALUES (260,5,10,'2019-09-13 11:40:56',5);
INSERT INTO order_table (`order_id`,`order_qty`,`item_id`,`order_completedAT`,`emp_id`) VALUES (261,2,6,'2019-08-01 16:04:39',1);
INSERT INTO order_table (`order_id`,`order_qty`,`item_id`,`order_completedAT`,`emp_id`) VALUES (262,7,5,'2019-08-22 07:38:34',2);
INSERT INTO order_table (`order_id`,`order_qty`,`item_id`,`order_completedAT`,`emp_id`) VALUES (263,2,10,'2019-08-14 00:04:01',2);
INSERT INTO order_table (`order_id`,`order_qty`,`item_id`,`order_completedAT`,`emp_id`) VALUES (264,3,8,'2019-08-15 12:28:16',1);
INSERT INTO order_table (`order_id`,`order_qty`,`item_id`,`order_completedAT`,`emp_id`) VALUES (265,9,9,'2019-08-15 12:11:48',4);
INSERT INTO order_table (`order_id`,`order_qty`,`item_id`,`order_completedAT`,`emp_id`) VALUES (266,9,3,'2019-09-04 05:41:38',3);
INSERT INTO order_table (`order_id`,`order_qty`,`item_id`,`order_completedAT`,`emp_id`) VALUES (267,6,6,'2019-09-25 10:21:47',4);
INSERT INTO order_table (`order_id`,`order_qty`,`item_id`,`order_completedAT`,`emp_id`) VALUES (268,7,4,'2019-08-14 01:35:01',5);
INSERT INTO order_table (`order_id`,`order_qty`,`item_id`,`order_completedAT`,`emp_id`) VALUES (269,10,10,'2019-09-13 00:04:41',4);
INSERT INTO order_table (`order_id`,`order_qty`,`item_id`,`order_completedAT`,`emp_id`) VALUES (270,3,2,'2019-08-15 06:47:11',5);
INSERT INTO order_table (`order_id`,`order_qty`,`item_id`,`order_completedAT`,`emp_id`) VALUES (271,3,7,'2019-09-19 19:37:43',2);
INSERT INTO order_table (`order_id`,`order_qty`,`item_id`,`order_completedAT`,`emp_id`) VALUES (272,9,6,'2019-08-17 09:08:06',4);
INSERT INTO order_table (`order_id`,`order_qty`,`item_id`,`order_completedAT`,`emp_id`) VALUES (273,1,1,'2019-08-11 19:01:37',1);
INSERT INTO order_table (`order_id`,`order_qty`,`item_id`,`order_completedAT`,`emp_id`) VALUES (274,7,4,'2019-08-30 13:17:32',1);
INSERT INTO order_table (`order_id`,`order_qty`,`item_id`,`order_completedAT`,`emp_id`) VALUES (275,7,10,'2019-08-04 19:06:02',4);
INSERT INTO order_table (`order_id`,`order_qty`,`item_id`,`order_completedAT`,`emp_id`) VALUES (276,2,9,'2019-09-07 08:36:34',4);
INSERT INTO order_table (`order_id`,`order_qty`,`item_id`,`order_completedAT`,`emp_id`) VALUES (277,2,3,'2019-08-25 11:13:19',3);
INSERT INTO order_table (`order_id`,`order_qty`,`item_id`,`order_completedAT`,`emp_id`) VALUES (278,7,1,'2019-08-31 01:57:49',3);
INSERT INTO order_table (`order_id`,`order_qty`,`item_id`,`order_completedAT`,`emp_id`) VALUES (279,5,4,'2019-09-26 01:34:23',3);
INSERT INTO order_table (`order_id`,`order_qty`,`item_id`,`order_completedAT`,`emp_id`) VALUES (280,9,6,'2019-09-28 08:03:00',3);
INSERT INTO order_table (`order_id`,`order_qty`,`item_id`,`order_completedAT`,`emp_id`) VALUES (281,6,9,'2019-08-28 18:29:53',3);
INSERT INTO order_table (`order_id`,`order_qty`,`item_id`,`order_completedAT`,`emp_id`) VALUES (282,10,10,'2019-08-08 21:38:26',4);
INSERT INTO order_table (`order_id`,`order_qty`,`item_id`,`order_completedAT`,`emp_id`) VALUES (283,6,4,'2019-08-02 09:26:57',4);
INSERT INTO order_table (`order_id`,`order_qty`,`item_id`,`order_completedAT`,`emp_id`) VALUES (284,6,8,'2019-09-01 03:30:37',5);
INSERT INTO order_table (`order_id`,`order_qty`,`item_id`,`order_completedAT`,`emp_id`) VALUES (285,10,7,'2019-08-30 04:22:23',2);
INSERT INTO order_table (`order_id`,`order_qty`,`item_id`,`order_completedAT`,`emp_id`) VALUES (286,3,6,'2019-09-12 01:20:37',5);
INSERT INTO order_table (`order_id`,`order_qty`,`item_id`,`order_completedAT`,`emp_id`) VALUES (287,10,1,'2019-09-14 04:27:51',1);
INSERT INTO order_table (`order_id`,`order_qty`,`item_id`,`order_completedAT`,`emp_id`) VALUES (288,9,2,'2019-09-05 21:15:00',5);
INSERT INTO order_table (`order_id`,`order_qty`,`item_id`,`order_completedAT`,`emp_id`) VALUES (289,3,1,'2019-09-19 17:17:28',5);
INSERT INTO order_table (`order_id`,`order_qty`,`item_id`,`order_completedAT`,`emp_id`) VALUES (290,9,7,'2019-09-24 21:48:07',4);
INSERT INTO order_table (`order_id`,`order_qty`,`item_id`,`order_completedAT`,`emp_id`) VALUES (291,6,7,'2019-08-29 09:33:49',5);
INSERT INTO order_table (`order_id`,`order_qty`,`item_id`,`order_completedAT`,`emp_id`) VALUES (292,9,8,'2019-09-17 21:49:15',5);
INSERT INTO order_table (`order_id`,`order_qty`,`item_id`,`order_completedAT`,`emp_id`) VALUES (293,9,1,'2019-08-08 10:00:06',2);
INSERT INTO order_table (`order_id`,`order_qty`,`item_id`,`order_completedAT`,`emp_id`) VALUES (294,5,9,'2019-08-12 05:37:53',4);
INSERT INTO order_table (`order_id`,`order_qty`,`item_id`,`order_completedAT`,`emp_id`) VALUES (295,2,1,'2019-09-17 16:27:30',5);
INSERT INTO order_table (`order_id`,`order_qty`,`item_id`,`order_completedAT`,`emp_id`) VALUES (296,4,4,'2019-09-06 16:11:40',1);
INSERT INTO order_table (`order_id`,`order_qty`,`item_id`,`order_completedAT`,`emp_id`) VALUES (297,7,6,'2019-09-06 16:51:18',1);
INSERT INTO order_table (`order_id`,`order_qty`,`item_id`,`order_completedAT`,`emp_id`) VALUES (298,5,3,'2019-09-13 21:37:36',1);
INSERT INTO order_table (`order_id`,`order_qty`,`item_id`,`order_completedAT`,`emp_id`) VALUES (299,3,4,'2019-08-15 01:38:59',1);
INSERT INTO order_table (`order_id`,`order_qty`,`item_id`,`order_completedAT`,`emp_id`) VALUES (300,4,2,'2019-08-07 00:40:34',1);
INSERT INTO order_table (`order_id`,`order_qty`,`item_id`,`order_completedAT`,`emp_id`) VALUES (301,7,8,'2019-08-09 02:28:33',2);
INSERT INTO order_table (`order_id`,`order_qty`,`item_id`,`order_completedAT`,`emp_id`) VALUES (302,7,7,'2019-09-25 11:11:40',5);
INSERT INTO order_table (`order_id`,`order_qty`,`item_id`,`order_completedAT`,`emp_id`) VALUES (303,3,6,'2019-09-28 10:45:13',4);
INSERT INTO order_table (`order_id`,`order_qty`,`item_id`,`order_completedAT`,`emp_id`) VALUES (304,4,10,'2019-09-25 21:59:52',5);
INSERT INTO order_table (`order_id`,`order_qty`,`item_id`,`order_completedAT`,`emp_id`) VALUES (305,5,9,'2019-08-28 10:28:41',2);
INSERT INTO order_table (`order_id`,`order_qty`,`item_id`,`order_completedAT`,`emp_id`) VALUES (306,4,2,'2019-09-14 00:47:12',3);
INSERT INTO order_table (`order_id`,`order_qty`,`item_id`,`order_completedAT`,`emp_id`) VALUES (307,9,1,'2019-08-02 17:59:33',2);
INSERT INTO order_table (`order_id`,`order_qty`,`item_id`,`order_completedAT`,`emp_id`) VALUES (308,1,7,'2019-09-27 19:22:06',1);
INSERT INTO order_table (`order_id`,`order_qty`,`item_id`,`order_completedAT`,`emp_id`) VALUES (309,2,5,'2019-09-26 03:51:12',5);
INSERT INTO order_table (`order_id`,`order_qty`,`item_id`,`order_completedAT`,`emp_id`) VALUES (310,1,1,'2019-08-15 05:13:40',2);
INSERT INTO order_table (`order_id`,`order_qty`,`item_id`,`order_completedAT`,`emp_id`) VALUES (311,3,9,'2019-08-18 11:55:44',1);
INSERT INTO order_table (`order_id`,`order_qty`,`item_id`,`order_completedAT`,`emp_id`) VALUES (312,3,10,'2019-08-13 03:24:40',1);
INSERT INTO order_table (`order_id`,`order_qty`,`item_id`,`order_completedAT`,`emp_id`) VALUES (313,8,5,'2019-08-21 03:17:51',5);
INSERT INTO order_table (`order_id`,`order_qty`,`item_id`,`order_completedAT`,`emp_id`) VALUES (314,1,9,'2019-08-04 23:52:17',5);
INSERT INTO order_table (`order_id`,`order_qty`,`item_id`,`order_completedAT`,`emp_id`) VALUES (315,9,7,'2019-09-11 14:01:55',4);
INSERT INTO order_table (`order_id`,`order_qty`,`item_id`,`order_completedAT`,`emp_id`) VALUES (316,5,6,'2019-09-09 13:09:48',2);
INSERT INTO order_table (`order_id`,`order_qty`,`item_id`,`order_completedAT`,`emp_id`) VALUES (317,6,4,'2019-09-16 21:28:38',2);
INSERT INTO order_table (`order_id`,`order_qty`,`item_id`,`order_completedAT`,`emp_id`) VALUES (318,6,10,'2019-08-24 00:58:15',5);
INSERT INTO order_table (`order_id`,`order_qty`,`item_id`,`order_completedAT`,`emp_id`) VALUES (319,1,8,'2019-09-26 03:31:38',4);
INSERT INTO order_table (`order_id`,`order_qty`,`item_id`,`order_completedAT`,`emp_id`) VALUES (320,4,5,'2019-08-22 16:30:12',4);
INSERT INTO order_table (`order_id`,`order_qty`,`item_id`,`order_completedAT`,`emp_id`) VALUES (321,9,5,'2019-08-26 14:21:32',3);
INSERT INTO order_table (`order_id`,`order_qty`,`item_id`,`order_completedAT`,`emp_id`) VALUES (322,7,4,'2019-08-26 07:39:34',4);
INSERT INTO order_table (`order_id`,`order_qty`,`item_id`,`order_completedAT`,`emp_id`) VALUES (323,4,7,'2019-08-27 01:22:11',1);
INSERT INTO order_table (`order_id`,`order_qty`,`item_id`,`order_completedAT`,`emp_id`) VALUES (324,10,9,'2019-08-18 09:15:30',2);
INSERT INTO order_table (`order_id`,`order_qty`,`item_id`,`order_completedAT`,`emp_id`) VALUES (325,3,3,'2019-08-11 13:18:40',2);
INSERT INTO order_table (`order_id`,`order_qty`,`item_id`,`order_completedAT`,`emp_id`) VALUES (326,2,3,'2019-08-04 11:00:34',3);
INSERT INTO order_table (`order_id`,`order_qty`,`item_id`,`order_completedAT`,`emp_id`) VALUES (327,4,6,'2019-08-22 03:42:17',2);
INSERT INTO order_table (`order_id`,`order_qty`,`item_id`,`order_completedAT`,`emp_id`) VALUES (328,4,6,'2019-09-01 23:45:32',3);
INSERT INTO order_table (`order_id`,`order_qty`,`item_id`,`order_completedAT`,`emp_id`) VALUES (329,8,3,'2019-09-20 02:31:36',4);
INSERT INTO order_table (`order_id`,`order_qty`,`item_id`,`order_completedAT`,`emp_id`) VALUES (330,8,6,'2019-08-18 12:00:07',1);
INSERT INTO order_table (`order_id`,`order_qty`,`item_id`,`order_completedAT`,`emp_id`) VALUES (331,9,2,'2019-09-24 20:50:55',2);
INSERT INTO order_table (`order_id`,`order_qty`,`item_id`,`order_completedAT`,`emp_id`) VALUES (332,1,10,'2019-09-24 03:49:18',2);
INSERT INTO order_table (`order_id`,`order_qty`,`item_id`,`order_completedAT`,`emp_id`) VALUES (333,3,6,'2019-09-28 09:14:17',2);
INSERT INTO order_table (`order_id`,`order_qty`,`item_id`,`order_completedAT`,`emp_id`) VALUES (334,8,5,'2019-09-06 22:41:33',2);
INSERT INTO order_table (`order_id`,`order_qty`,`item_id`,`order_completedAT`,`emp_id`) VALUES (335,5,6,'2019-09-16 17:58:18',2);
INSERT INTO order_table (`order_id`,`order_qty`,`item_id`,`order_completedAT`,`emp_id`) VALUES (336,7,4,'2019-09-24 10:46:45',2);
INSERT INTO order_table (`order_id`,`order_qty`,`item_id`,`order_completedAT`,`emp_id`) VALUES (337,3,8,'2019-08-30 07:46:30',2);
INSERT INTO order_table (`order_id`,`order_qty`,`item_id`,`order_completedAT`,`emp_id`) VALUES (338,9,7,'2019-08-12 19:09:55',4);
INSERT INTO order_table (`order_id`,`order_qty`,`item_id`,`order_completedAT`,`emp_id`) VALUES (339,9,3,'2019-08-12 07:07:44',1);
INSERT INTO order_table (`order_id`,`order_qty`,`item_id`,`order_completedAT`,`emp_id`) VALUES (340,3,6,'2019-09-06 19:42:51',3);
INSERT INTO order_table (`order_id`,`order_qty`,`item_id`,`order_completedAT`,`emp_id`) VALUES (341,5,8,'2019-08-30 05:21:26',5);
INSERT INTO order_table (`order_id`,`order_qty`,`item_id`,`order_completedAT`,`emp_id`) VALUES (342,9,10,'2019-09-21 11:25:01',1);
INSERT INTO order_table (`order_id`,`order_qty`,`item_id`,`order_completedAT`,`emp_id`) VALUES (343,2,1,'2019-08-30 12:20:56',2);
INSERT INTO order_table (`order_id`,`order_qty`,`item_id`,`order_completedAT`,`emp_id`) VALUES (344,6,7,'2019-08-25 13:35:55',4);
INSERT INTO order_table (`order_id`,`order_qty`,`item_id`,`order_completedAT`,`emp_id`) VALUES (345,1,3,'2019-08-07 06:21:53',5);
INSERT INTO order_table (`order_id`,`order_qty`,`item_id`,`order_completedAT`,`emp_id`) VALUES (346,2,8,'2019-08-28 03:49:06',5);
INSERT INTO order_table (`order_id`,`order_qty`,`item_id`,`order_completedAT`,`emp_id`) VALUES (347,8,4,'2019-09-02 12:14:44',1);
INSERT INTO order_table (`order_id`,`order_qty`,`item_id`,`order_completedAT`,`emp_id`) VALUES (348,3,5,'2019-09-29 19:36:59',4);
INSERT INTO order_table (`order_id`,`order_qty`,`item_id`,`order_completedAT`,`emp_id`) VALUES (349,2,6,'2019-08-29 19:34:03',1);
INSERT INTO order_table (`order_id`,`order_qty`,`item_id`,`order_completedAT`,`emp_id`) VALUES (350,7,3,'2019-09-28 20:51:30',5);
INSERT INTO order_table (`order_id`,`order_qty`,`item_id`,`order_completedAT`,`emp_id`) VALUES (351,9,10,'2019-08-25 12:52:58',1);
INSERT INTO order_table (`order_id`,`order_qty`,`item_id`,`order_completedAT`,`emp_id`) VALUES (352,5,10,'2019-09-03 05:20:51',5);
INSERT INTO order_table (`order_id`,`order_qty`,`item_id`,`order_completedAT`,`emp_id`) VALUES (353,5,10,'2019-09-07 20:57:58',2);
INSERT INTO order_table (`order_id`,`order_qty`,`item_id`,`order_completedAT`,`emp_id`) VALUES (354,4,4,'2019-09-18 18:26:52',4);
INSERT INTO order_table (`order_id`,`order_qty`,`item_id`,`order_completedAT`,`emp_id`) VALUES (355,9,10,'2019-09-29 18:22:44',3);
INSERT INTO order_table (`order_id`,`order_qty`,`item_id`,`order_completedAT`,`emp_id`) VALUES (356,2,7,'2019-09-26 13:57:29',5);
INSERT INTO order_table (`order_id`,`order_qty`,`item_id`,`order_completedAT`,`emp_id`) VALUES (357,2,10,'2019-08-08 05:34:55',3);
INSERT INTO order_table (`order_id`,`order_qty`,`item_id`,`order_completedAT`,`emp_id`) VALUES (358,8,10,'2019-09-11 15:30:59',2);
INSERT INTO order_table (`order_id`,`order_qty`,`item_id`,`order_completedAT`,`emp_id`) VALUES (359,6,6,'2019-08-17 07:42:34',4);
INSERT INTO order_table (`order_id`,`order_qty`,`item_id`,`order_completedAT`,`emp_id`) VALUES (360,9,6,'2019-08-26 05:10:50',3);
INSERT INTO order_table (`order_id`,`order_qty`,`item_id`,`order_completedAT`,`emp_id`) VALUES (361,3,9,'2019-08-21 20:47:01',4);
INSERT INTO order_table (`order_id`,`order_qty`,`item_id`,`order_completedAT`,`emp_id`) VALUES (362,3,7,'2019-09-10 01:06:46',4);
INSERT INTO order_table (`order_id`,`order_qty`,`item_id`,`order_completedAT`,`emp_id`) VALUES (363,10,3,'2019-08-05 08:30:42',2);
INSERT INTO order_table (`order_id`,`order_qty`,`item_id`,`order_completedAT`,`emp_id`) VALUES (364,1,10,'2019-09-13 02:12:20',5);
INSERT INTO order_table (`order_id`,`order_qty`,`item_id`,`order_completedAT`,`emp_id`) VALUES (365,8,6,'2019-08-15 22:50:19',5);
INSERT INTO order_table (`order_id`,`order_qty`,`item_id`,`order_completedAT`,`emp_id`) VALUES (366,1,1,'2019-09-14 03:16:09',1);
INSERT INTO order_table (`order_id`,`order_qty`,`item_id`,`order_completedAT`,`emp_id`) VALUES (367,6,5,'2019-09-11 11:51:27',2);
INSERT INTO order_table (`order_id`,`order_qty`,`item_id`,`order_completedAT`,`emp_id`) VALUES (368,6,8,'2019-09-21 14:53:50',1);
INSERT INTO order_table (`order_id`,`order_qty`,`item_id`,`order_completedAT`,`emp_id`) VALUES (369,5,5,'2019-09-10 09:52:52',5);
INSERT INTO order_table (`order_id`,`order_qty`,`item_id`,`order_completedAT`,`emp_id`) VALUES (370,9,4,'2019-08-14 23:25:08',1);
INSERT INTO order_table (`order_id`,`order_qty`,`item_id`,`order_completedAT`,`emp_id`) VALUES (371,3,2,'2019-08-25 01:09:23',1);
INSERT INTO order_table (`order_id`,`order_qty`,`item_id`,`order_completedAT`,`emp_id`) VALUES (372,2,9,'2019-08-16 03:28:17',4);
INSERT INTO order_table (`order_id`,`order_qty`,`item_id`,`order_completedAT`,`emp_id`) VALUES (373,6,4,'2019-08-16 16:28:57',2);
INSERT INTO order_table (`order_id`,`order_qty`,`item_id`,`order_completedAT`,`emp_id`) VALUES (374,4,4,'2019-08-18 15:05:06',1);
INSERT INTO order_table (`order_id`,`order_qty`,`item_id`,`order_completedAT`,`emp_id`) VALUES (375,8,9,'2019-08-21 10:19:52',1);
INSERT INTO order_table (`order_id`,`order_qty`,`item_id`,`order_completedAT`,`emp_id`) VALUES (376,4,8,'2019-08-18 08:37:14',3);
INSERT INTO order_table (`order_id`,`order_qty`,`item_id`,`order_completedAT`,`emp_id`) VALUES (377,5,1,'2019-08-09 17:24:40',2);
INSERT INTO order_table (`order_id`,`order_qty`,`item_id`,`order_completedAT`,`emp_id`) VALUES (378,10,6,'2019-08-31 07:11:08',1);
INSERT INTO order_table (`order_id`,`order_qty`,`item_id`,`order_completedAT`,`emp_id`) VALUES (379,6,2,'2019-09-28 04:27:54',1);
INSERT INTO order_table (`order_id`,`order_qty`,`item_id`,`order_completedAT`,`emp_id`) VALUES (380,2,1,'2019-08-02 08:27:26',5);
INSERT INTO order_table (`order_id`,`order_qty`,`item_id`,`order_completedAT`,`emp_id`) VALUES (381,3,2,'2019-08-15 21:29:05',5);
INSERT INTO order_table (`order_id`,`order_qty`,`item_id`,`order_completedAT`,`emp_id`) VALUES (382,4,1,'2019-09-24 00:11:45',5);
INSERT INTO order_table (`order_id`,`order_qty`,`item_id`,`order_completedAT`,`emp_id`) VALUES (383,6,2,'2019-08-08 05:25:19',4);
INSERT INTO order_table (`order_id`,`order_qty`,`item_id`,`order_completedAT`,`emp_id`) VALUES (384,5,10,'2019-09-18 16:19:45',1);
INSERT INTO order_table (`order_id`,`order_qty`,`item_id`,`order_completedAT`,`emp_id`) VALUES (385,9,1,'2019-08-06 10:23:09',4);
INSERT INTO order_table (`order_id`,`order_qty`,`item_id`,`order_completedAT`,`emp_id`) VALUES (386,10,7,'2019-08-18 14:59:47',2);
INSERT INTO order_table (`order_id`,`order_qty`,`item_id`,`order_completedAT`,`emp_id`) VALUES (387,4,8,'2019-08-17 21:48:25',1);
INSERT INTO order_table (`order_id`,`order_qty`,`item_id`,`order_completedAT`,`emp_id`) VALUES (388,3,8,'2019-08-06 16:15:20',3);
INSERT INTO order_table (`order_id`,`order_qty`,`item_id`,`order_completedAT`,`emp_id`) VALUES (389,3,4,'2019-09-21 07:41:42',2);
INSERT INTO order_table (`order_id`,`order_qty`,`item_id`,`order_completedAT`,`emp_id`) VALUES (390,1,8,'2019-08-17 01:23:44',2);
INSERT INTO order_table (`order_id`,`order_qty`,`item_id`,`order_completedAT`,`emp_id`) VALUES (391,2,7,'2019-08-13 19:36:23',2);
INSERT INTO order_table (`order_id`,`order_qty`,`item_id`,`order_completedAT`,`emp_id`) VALUES (392,10,10,'2019-08-03 03:31:05',5);
INSERT INTO order_table (`order_id`,`order_qty`,`item_id`,`order_completedAT`,`emp_id`) VALUES (393,8,1,'2019-09-10 11:59:26',3);
INSERT INTO order_table (`order_id`,`order_qty`,`item_id`,`order_completedAT`,`emp_id`) VALUES (394,6,3,'2019-08-11 04:22:37',5);
INSERT INTO order_table (`order_id`,`order_qty`,`item_id`,`order_completedAT`,`emp_id`) VALUES (395,3,8,'2019-09-01 02:12:03',5);
INSERT INTO order_table (`order_id`,`order_qty`,`item_id`,`order_completedAT`,`emp_id`) VALUES (396,7,6,'2019-08-13 14:01:10',1);
INSERT INTO order_table (`order_id`,`order_qty`,`item_id`,`order_completedAT`,`emp_id`) VALUES (397,2,8,'2019-08-02 18:54:30',1);
INSERT INTO order_table (`order_id`,`order_qty`,`item_id`,`order_completedAT`,`emp_id`) VALUES (398,6,6,'2019-09-14 08:14:20',4);
INSERT INTO order_table (`order_id`,`order_qty`,`item_id`,`order_completedAT`,`emp_id`) VALUES (399,7,4,'2019-08-21 12:32:45',2);
INSERT INTO order_table (`order_id`,`order_qty`,`item_id`,`order_completedAT`,`emp_id`) VALUES (400,8,1,'2019-08-02 05:59:16',1);
INSERT INTO order_table (`order_id`,`order_qty`,`item_id`,`order_completedAT`,`emp_id`) VALUES (401,9,8,'2019-08-21 19:45:32',4);
INSERT INTO order_table (`order_id`,`order_qty`,`item_id`,`order_completedAT`,`emp_id`) VALUES (402,9,6,'2019-08-19 20:33:50',1);
INSERT INTO order_table (`order_id`,`order_qty`,`item_id`,`order_completedAT`,`emp_id`) VALUES (403,3,3,'2019-09-04 17:11:47',5);
INSERT INTO order_table (`order_id`,`order_qty`,`item_id`,`order_completedAT`,`emp_id`) VALUES (404,9,8,'2019-09-21 01:09:54',2);
INSERT INTO order_table (`order_id`,`order_qty`,`item_id`,`order_completedAT`,`emp_id`) VALUES (405,8,9,'2019-08-08 04:37:29',1);
INSERT INTO order_table (`order_id`,`order_qty`,`item_id`,`order_completedAT`,`emp_id`) VALUES (406,7,3,'2019-09-08 01:14:53',5);
INSERT INTO order_table (`order_id`,`order_qty`,`item_id`,`order_completedAT`,`emp_id`) VALUES (407,3,2,'2019-09-13 18:38:37',2);
INSERT INTO order_table (`order_id`,`order_qty`,`item_id`,`order_completedAT`,`emp_id`) VALUES (408,7,8,'2019-08-28 07:48:47',5);
INSERT INTO order_table (`order_id`,`order_qty`,`item_id`,`order_completedAT`,`emp_id`) VALUES (409,4,2,'2019-09-21 08:34:03',4);
INSERT INTO order_table (`order_id`,`order_qty`,`item_id`,`order_completedAT`,`emp_id`) VALUES (410,8,1,'2019-09-01 16:12:50',4);
INSERT INTO order_table (`order_id`,`order_qty`,`item_id`,`order_completedAT`,`emp_id`) VALUES (411,1,1,'2019-08-29 19:48:32',2);
INSERT INTO order_table (`order_id`,`order_qty`,`item_id`,`order_completedAT`,`emp_id`) VALUES (412,8,10,'2019-08-04 00:29:57',4);
INSERT INTO order_table (`order_id`,`order_qty`,`item_id`,`order_completedAT`,`emp_id`) VALUES (413,8,2,'2019-09-20 23:50:18',5);
INSERT INTO order_table (`order_id`,`order_qty`,`item_id`,`order_completedAT`,`emp_id`) VALUES (414,8,3,'2019-09-07 10:10:14',1);
INSERT INTO order_table (`order_id`,`order_qty`,`item_id`,`order_completedAT`,`emp_id`) VALUES (415,8,3,'2019-08-09 05:00:59',5);
INSERT INTO order_table (`order_id`,`order_qty`,`item_id`,`order_completedAT`,`emp_id`) VALUES (416,3,6,'2019-09-12 08:30:59',5);
INSERT INTO order_table (`order_id`,`order_qty`,`item_id`,`order_completedAT`,`emp_id`) VALUES (417,7,3,'2019-08-19 17:20:27',3);
INSERT INTO order_table (`order_id`,`order_qty`,`item_id`,`order_completedAT`,`emp_id`) VALUES (418,1,5,'2019-09-26 23:36:11',2);
INSERT INTO order_table (`order_id`,`order_qty`,`item_id`,`order_completedAT`,`emp_id`) VALUES (419,5,3,'2019-09-10 16:09:40',2);
INSERT INTO order_table (`order_id`,`order_qty`,`item_id`,`order_completedAT`,`emp_id`) VALUES (420,2,7,'2019-08-11 13:02:23',3);
INSERT INTO order_table (`order_id`,`order_qty`,`item_id`,`order_completedAT`,`emp_id`) VALUES (421,6,7,'2019-09-22 22:24:16',3);
INSERT INTO order_table (`order_id`,`order_qty`,`item_id`,`order_completedAT`,`emp_id`) VALUES (422,5,2,'2019-08-10 16:37:47',5);
INSERT INTO order_table (`order_id`,`order_qty`,`item_id`,`order_completedAT`,`emp_id`) VALUES (423,5,6,'2019-09-01 17:11:23',2);
INSERT INTO order_table (`order_id`,`order_qty`,`item_id`,`order_completedAT`,`emp_id`) VALUES (424,10,3,'2019-08-26 18:41:41',5);
INSERT INTO order_table (`order_id`,`order_qty`,`item_id`,`order_completedAT`,`emp_id`) VALUES (425,3,8,'2019-08-23 18:10:08',5);
INSERT INTO order_table (`order_id`,`order_qty`,`item_id`,`order_completedAT`,`emp_id`) VALUES (426,9,4,'2019-09-07 17:13:54',3);
INSERT INTO order_table (`order_id`,`order_qty`,`item_id`,`order_completedAT`,`emp_id`) VALUES (427,9,10,'2019-08-08 19:36:06',4);
INSERT INTO order_table (`order_id`,`order_qty`,`item_id`,`order_completedAT`,`emp_id`) VALUES (428,3,10,'2019-09-11 08:51:08',3);
INSERT INTO order_table (`order_id`,`order_qty`,`item_id`,`order_completedAT`,`emp_id`) VALUES (429,3,4,'2019-09-09 08:17:08',4);
INSERT INTO order_table (`order_id`,`order_qty`,`item_id`,`order_completedAT`,`emp_id`) VALUES (430,10,6,'2019-08-05 11:24:53',4);
INSERT INTO order_table (`order_id`,`order_qty`,`item_id`,`order_completedAT`,`emp_id`) VALUES (431,4,2,'2019-09-04 17:51:24',3);
INSERT INTO order_table (`order_id`,`order_qty`,`item_id`,`order_completedAT`,`emp_id`) VALUES (432,3,8,'2019-09-06 09:16:31',5);
INSERT INTO order_table (`order_id`,`order_qty`,`item_id`,`order_completedAT`,`emp_id`) VALUES (433,6,10,'2019-09-08 02:38:56',2);
INSERT INTO order_table (`order_id`,`order_qty`,`item_id`,`order_completedAT`,`emp_id`) VALUES (434,8,1,'2019-08-27 10:33:46',2);
INSERT INTO order_table (`order_id`,`order_qty`,`item_id`,`order_completedAT`,`emp_id`) VALUES (435,8,8,'2019-09-20 21:46:31',1);
INSERT INTO order_table (`order_id`,`order_qty`,`item_id`,`order_completedAT`,`emp_id`) VALUES (436,10,7,'2019-09-01 16:41:01',4);
INSERT INTO order_table (`order_id`,`order_qty`,`item_id`,`order_completedAT`,`emp_id`) VALUES (437,7,2,'2019-09-16 06:43:38',3);
INSERT INTO order_table (`order_id`,`order_qty`,`item_id`,`order_completedAT`,`emp_id`) VALUES (438,5,3,'2019-08-25 03:24:34',3);
INSERT INTO order_table (`order_id`,`order_qty`,`item_id`,`order_completedAT`,`emp_id`) VALUES (439,10,3,'2019-08-04 16:59:34',4);
INSERT INTO order_table (`order_id`,`order_qty`,`item_id`,`order_completedAT`,`emp_id`) VALUES (440,1,5,'2019-09-28 00:06:55',4);
INSERT INTO order_table (`order_id`,`order_qty`,`item_id`,`order_completedAT`,`emp_id`) VALUES (441,5,4,'2019-08-05 18:27:09',2);
INSERT INTO order_table (`order_id`,`order_qty`,`item_id`,`order_completedAT`,`emp_id`) VALUES (442,4,4,'2019-08-10 18:58:14',5);
INSERT INTO order_table (`order_id`,`order_qty`,`item_id`,`order_completedAT`,`emp_id`) VALUES (443,9,8,'2019-09-15 17:51:24',3);
INSERT INTO order_table (`order_id`,`order_qty`,`item_id`,`order_completedAT`,`emp_id`) VALUES (444,6,4,'2019-08-20 09:11:46',1);
INSERT INTO order_table (`order_id`,`order_qty`,`item_id`,`order_completedAT`,`emp_id`) VALUES (445,9,6,'2019-08-16 20:12:42',2);
INSERT INTO order_table (`order_id`,`order_qty`,`item_id`,`order_completedAT`,`emp_id`) VALUES (446,7,1,'2019-08-06 06:40:10',4);
INSERT INTO order_table (`order_id`,`order_qty`,`item_id`,`order_completedAT`,`emp_id`) VALUES (447,9,9,'2019-08-19 05:18:20',5);
INSERT INTO order_table (`order_id`,`order_qty`,`item_id`,`order_completedAT`,`emp_id`) VALUES (448,7,3,'2019-09-29 00:11:50',5);
INSERT INTO order_table (`order_id`,`order_qty`,`item_id`,`order_completedAT`,`emp_id`) VALUES (449,2,1,'2019-08-27 14:01:11',3);
INSERT INTO order_table (`order_id`,`order_qty`,`item_id`,`order_completedAT`,`emp_id`) VALUES (450,8,10,'2019-09-02 15:56:39',1);
INSERT INTO order_table (`order_id`,`order_qty`,`item_id`,`order_completedAT`,`emp_id`) VALUES (451,10,3,'2019-09-13 18:29:23',4);
INSERT INTO order_table (`order_id`,`order_qty`,`item_id`,`order_completedAT`,`emp_id`) VALUES (452,6,1,'2019-08-09 11:54:47',1);
INSERT INTO order_table (`order_id`,`order_qty`,`item_id`,`order_completedAT`,`emp_id`) VALUES (453,2,9,'2019-09-08 09:09:45',1);
INSERT INTO order_table (`order_id`,`order_qty`,`item_id`,`order_completedAT`,`emp_id`) VALUES (454,6,8,'2019-09-15 23:59:04',4);
INSERT INTO order_table (`order_id`,`order_qty`,`item_id`,`order_completedAT`,`emp_id`) VALUES (455,2,9,'2019-08-06 22:32:26',5);
INSERT INTO order_table (`order_id`,`order_qty`,`item_id`,`order_completedAT`,`emp_id`) VALUES (456,7,10,'2019-08-29 01:23:52',2);
INSERT INTO order_table (`order_id`,`order_qty`,`item_id`,`order_completedAT`,`emp_id`) VALUES (457,10,7,'2019-08-08 15:33:49',3);
INSERT INTO order_table (`order_id`,`order_qty`,`item_id`,`order_completedAT`,`emp_id`) VALUES (458,8,5,'2019-08-09 18:11:16',5);
INSERT INTO order_table (`order_id`,`order_qty`,`item_id`,`order_completedAT`,`emp_id`) VALUES (459,8,3,'2019-09-07 05:55:20',1);
INSERT INTO order_table (`order_id`,`order_qty`,`item_id`,`order_completedAT`,`emp_id`) VALUES (460,6,3,'2019-08-21 16:35:20',3);
INSERT INTO order_table (`order_id`,`order_qty`,`item_id`,`order_completedAT`,`emp_id`) VALUES (461,9,2,'2019-08-22 03:13:53',2);
INSERT INTO order_table (`order_id`,`order_qty`,`item_id`,`order_completedAT`,`emp_id`) VALUES (462,7,2,'2019-08-19 18:28:04',3);
INSERT INTO order_table (`order_id`,`order_qty`,`item_id`,`order_completedAT`,`emp_id`) VALUES (463,1,9,'2019-08-10 08:27:01',3);
INSERT INTO order_table (`order_id`,`order_qty`,`item_id`,`order_completedAT`,`emp_id`) VALUES (464,10,2,'2019-08-19 22:24:42',1);
INSERT INTO order_table (`order_id`,`order_qty`,`item_id`,`order_completedAT`,`emp_id`) VALUES (465,4,3,'2019-08-04 05:11:59',2);
INSERT INTO order_table (`order_id`,`order_qty`,`item_id`,`order_completedAT`,`emp_id`) VALUES (466,9,2,'2019-09-15 23:54:53',2);
INSERT INTO order_table (`order_id`,`order_qty`,`item_id`,`order_completedAT`,`emp_id`) VALUES (467,6,8,'2019-08-20 23:25:09',5);
INSERT INTO order_table (`order_id`,`order_qty`,`item_id`,`order_completedAT`,`emp_id`) VALUES (468,3,1,'2019-08-31 23:50:09',5);
INSERT INTO order_table (`order_id`,`order_qty`,`item_id`,`order_completedAT`,`emp_id`) VALUES (469,1,7,'2019-09-18 15:12:42',5);
INSERT INTO order_table (`order_id`,`order_qty`,`item_id`,`order_completedAT`,`emp_id`) VALUES (470,8,2,'2019-08-06 00:22:41',2);
INSERT INTO order_table (`order_id`,`order_qty`,`item_id`,`order_completedAT`,`emp_id`) VALUES (471,2,9,'2019-08-29 22:15:38',4);
INSERT INTO order_table (`order_id`,`order_qty`,`item_id`,`order_completedAT`,`emp_id`) VALUES (472,5,7,'2019-08-10 11:01:45',1);
INSERT INTO order_table (`order_id`,`order_qty`,`item_id`,`order_completedAT`,`emp_id`) VALUES (473,2,4,'2019-08-25 15:54:15',3);
INSERT INTO order_table (`order_id`,`order_qty`,`item_id`,`order_completedAT`,`emp_id`) VALUES (474,1,10,'2019-09-07 20:01:40',1);
INSERT INTO order_table (`order_id`,`order_qty`,`item_id`,`order_completedAT`,`emp_id`) VALUES (475,7,8,'2019-09-08 06:43:04',3);
INSERT INTO order_table (`order_id`,`order_qty`,`item_id`,`order_completedAT`,`emp_id`) VALUES (476,3,4,'2019-08-19 21:00:36',4);
INSERT INTO order_table (`order_id`,`order_qty`,`item_id`,`order_completedAT`,`emp_id`) VALUES (477,1,1,'2019-09-22 23:09:06',3);
INSERT INTO order_table (`order_id`,`order_qty`,`item_id`,`order_completedAT`,`emp_id`) VALUES (478,10,6,'2019-08-16 03:52:19',5);
INSERT INTO order_table (`order_id`,`order_qty`,`item_id`,`order_completedAT`,`emp_id`) VALUES (479,3,5,'2019-08-26 10:25:34',5);
INSERT INTO order_table (`order_id`,`order_qty`,`item_id`,`order_completedAT`,`emp_id`) VALUES (480,3,9,'2019-08-11 02:43:46',3);
INSERT INTO order_table (`order_id`,`order_qty`,`item_id`,`order_completedAT`,`emp_id`) VALUES (481,3,10,'2019-09-18 11:01:13',1);
INSERT INTO order_table (`order_id`,`order_qty`,`item_id`,`order_completedAT`,`emp_id`) VALUES (482,3,6,'2019-08-30 22:59:19',4);
INSERT INTO order_table (`order_id`,`order_qty`,`item_id`,`order_completedAT`,`emp_id`) VALUES (483,1,3,'2019-09-21 10:07:09',3);
INSERT INTO order_table (`order_id`,`order_qty`,`item_id`,`order_completedAT`,`emp_id`) VALUES (484,7,9,'2019-09-23 22:03:05',4);
INSERT INTO order_table (`order_id`,`order_qty`,`item_id`,`order_completedAT`,`emp_id`) VALUES (485,9,2,'2019-08-14 01:04:33',2);
INSERT INTO order_table (`order_id`,`order_qty`,`item_id`,`order_completedAT`,`emp_id`) VALUES (486,7,6,'2019-09-19 20:37:19',3);
INSERT INTO order_table (`order_id`,`order_qty`,`item_id`,`order_completedAT`,`emp_id`) VALUES (487,4,7,'2019-09-11 10:02:27',4);
INSERT INTO order_table (`order_id`,`order_qty`,`item_id`,`order_completedAT`,`emp_id`) VALUES (488,7,3,'2019-09-13 09:32:40',4);
INSERT INTO order_table (`order_id`,`order_qty`,`item_id`,`order_completedAT`,`emp_id`) VALUES (489,4,3,'2019-08-11 21:52:25',4);
INSERT INTO order_table (`order_id`,`order_qty`,`item_id`,`order_completedAT`,`emp_id`) VALUES (490,3,5,'2019-08-23 08:17:09',1);
INSERT INTO order_table (`order_id`,`order_qty`,`item_id`,`order_completedAT`,`emp_id`) VALUES (491,6,4,'2019-08-18 03:06:43',3);
INSERT INTO order_table (`order_id`,`order_qty`,`item_id`,`order_completedAT`,`emp_id`) VALUES (492,9,10,'2019-08-29 17:28:29',4);
INSERT INTO order_table (`order_id`,`order_qty`,`item_id`,`order_completedAT`,`emp_id`) VALUES (493,9,7,'2019-08-06 01:53:37',4);
INSERT INTO order_table (`order_id`,`order_qty`,`item_id`,`order_completedAT`,`emp_id`) VALUES (494,7,2,'2019-08-30 14:12:06',3);
INSERT INTO order_table (`order_id`,`order_qty`,`item_id`,`order_completedAT`,`emp_id`) VALUES (495,3,2,'2019-09-27 16:28:18',4);
INSERT INTO order_table (`order_id`,`order_qty`,`item_id`,`order_completedAT`,`emp_id`) VALUES (496,5,5,'2019-08-31 07:51:03',5);
INSERT INTO order_table (`order_id`,`order_qty`,`item_id`,`order_completedAT`,`emp_id`) VALUES (497,8,6,'2019-08-25 15:25:24',4);
INSERT INTO order_table (`order_id`,`order_qty`,`item_id`,`order_completedAT`,`emp_id`) VALUES (498,4,9,'2019-09-10 22:11:58',2);
INSERT INTO order_table (`order_id`,`order_qty`,`item_id`,`order_completedAT`,`emp_id`) VALUES (499,4,7,'2019-09-10 14:00:42',3);
INSERT INTO order_table (`order_id`,`order_qty`,`item_id`,`order_completedAT`,`emp_id`) VALUES (500,7,2,'2019-09-18 09:21:35',5);
INSERT INTO order_table (`order_id`,`order_qty`,`item_id`,`order_completedAT`,`emp_id`) VALUES (501,6,5,'2019-08-24 03:20:52',2);
INSERT INTO order_table (`order_id`,`order_qty`,`item_id`,`order_completedAT`,`emp_id`) VALUES (502,3,7,'2019-08-12 11:01:13',3);
INSERT INTO order_table (`order_id`,`order_qty`,`item_id`,`order_completedAT`,`emp_id`) VALUES (503,6,5,'2019-08-14 07:06:36',3);
INSERT INTO order_table (`order_id`,`order_qty`,`item_id`,`order_completedAT`,`emp_id`) VALUES (504,10,3,'2019-08-25 04:41:24',5);
INSERT INTO order_table (`order_id`,`order_qty`,`item_id`,`order_completedAT`,`emp_id`) VALUES (505,7,2,'2019-08-18 14:59:11',3);
INSERT INTO order_table (`order_id`,`order_qty`,`item_id`,`order_completedAT`,`emp_id`) VALUES (506,4,4,'2019-08-10 19:22:11',3);
INSERT INTO order_table (`order_id`,`order_qty`,`item_id`,`order_completedAT`,`emp_id`) VALUES (507,4,1,'2019-09-25 01:22:07',5);
INSERT INTO order_table (`order_id`,`order_qty`,`item_id`,`order_completedAT`,`emp_id`) VALUES (508,8,4,'2019-09-03 14:49:36',3);
INSERT INTO order_table (`order_id`,`order_qty`,`item_id`,`order_completedAT`,`emp_id`) VALUES (509,2,3,'2019-08-23 14:17:39',1);
INSERT INTO order_table (`order_id`,`order_qty`,`item_id`,`order_completedAT`,`emp_id`) VALUES (510,1,5,'2019-08-25 16:06:23',2);
INSERT INTO order_table (`order_id`,`order_qty`,`item_id`,`order_completedAT`,`emp_id`) VALUES (511,8,8,'2019-08-02 13:42:09',3);
INSERT INTO order_table (`order_id`,`order_qty`,`item_id`,`order_completedAT`,`emp_id`) VALUES (512,1,4,'2019-08-27 06:07:09',3);
INSERT INTO order_table (`order_id`,`order_qty`,`item_id`,`order_completedAT`,`emp_id`) VALUES (513,7,5,'2019-08-31 11:50:58',3);
INSERT INTO order_table (`order_id`,`order_qty`,`item_id`,`order_completedAT`,`emp_id`) VALUES (514,4,8,'2019-08-30 04:32:53',4);
INSERT INTO order_table (`order_id`,`order_qty`,`item_id`,`order_completedAT`,`emp_id`) VALUES (515,6,1,'2019-09-23 08:24:09',1);
INSERT INTO order_table (`order_id`,`order_qty`,`item_id`,`order_completedAT`,`emp_id`) VALUES (516,6,6,'2019-09-08 11:32:06',1);
INSERT INTO order_table (`order_id`,`order_qty`,`item_id`,`order_completedAT`,`emp_id`) VALUES (517,3,5,'2019-08-06 16:46:19',1);
INSERT INTO order_table (`order_id`,`order_qty`,`item_id`,`order_completedAT`,`emp_id`) VALUES (518,7,2,'2019-08-06 07:57:33',2);
INSERT INTO order_table (`order_id`,`order_qty`,`item_id`,`order_completedAT`,`emp_id`) VALUES (519,2,5,'2019-09-11 22:40:50',3);
INSERT INTO order_table (`order_id`,`order_qty`,`item_id`,`order_completedAT`,`emp_id`) VALUES (520,2,1,'2019-08-24 06:52:14',5);
INSERT INTO order_table (`order_id`,`order_qty`,`item_id`,`order_completedAT`,`emp_id`) VALUES (521,9,4,'2019-09-20 21:34:06',3);
INSERT INTO order_table (`order_id`,`order_qty`,`item_id`,`order_completedAT`,`emp_id`) VALUES (522,3,1,'2019-08-19 18:46:41',2);
INSERT INTO order_table (`order_id`,`order_qty`,`item_id`,`order_completedAT`,`emp_id`) VALUES (523,9,8,'2019-08-04 02:31:16',3);
INSERT INTO order_table (`order_id`,`order_qty`,`item_id`,`order_completedAT`,`emp_id`) VALUES (524,9,5,'2019-09-12 19:57:20',2);
INSERT INTO order_table (`order_id`,`order_qty`,`item_id`,`order_completedAT`,`emp_id`) VALUES (525,3,5,'2019-08-26 07:43:23',3);
INSERT INTO order_table (`order_id`,`order_qty`,`item_id`,`order_completedAT`,`emp_id`) VALUES (526,6,8,'2019-09-19 18:19:16',2);
INSERT INTO order_table (`order_id`,`order_qty`,`item_id`,`order_completedAT`,`emp_id`) VALUES (527,5,7,'2019-08-03 10:03:53',3);
INSERT INTO order_table (`order_id`,`order_qty`,`item_id`,`order_completedAT`,`emp_id`) VALUES (528,7,1,'2019-08-29 05:13:56',5);
INSERT INTO order_table (`order_id`,`order_qty`,`item_id`,`order_completedAT`,`emp_id`) VALUES (529,9,6,'2019-09-28 06:58:10',3);
INSERT INTO order_table (`order_id`,`order_qty`,`item_id`,`order_completedAT`,`emp_id`) VALUES (530,7,8,'2019-08-16 20:34:42',4);
INSERT INTO order_table (`order_id`,`order_qty`,`item_id`,`order_completedAT`,`emp_id`) VALUES (531,9,8,'2019-09-05 15:13:01',2);
INSERT INTO order_table (`order_id`,`order_qty`,`item_id`,`order_completedAT`,`emp_id`) VALUES (532,9,6,'2019-09-29 01:27:09',2);
INSERT INTO order_table (`order_id`,`order_qty`,`item_id`,`order_completedAT`,`emp_id`) VALUES (533,1,6,'2019-08-18 10:41:38',5);
INSERT INTO order_table (`order_id`,`order_qty`,`item_id`,`order_completedAT`,`emp_id`) VALUES (534,9,8,'2019-08-15 08:18:48',3);
INSERT INTO order_table (`order_id`,`order_qty`,`item_id`,`order_completedAT`,`emp_id`) VALUES (535,4,10,'2019-08-24 04:59:09',1);
INSERT INTO order_table (`order_id`,`order_qty`,`item_id`,`order_completedAT`,`emp_id`) VALUES (536,4,2,'2019-09-16 03:06:20',5);
INSERT INTO order_table (`order_id`,`order_qty`,`item_id`,`order_completedAT`,`emp_id`) VALUES (537,7,9,'2019-08-24 09:51:30',4);
INSERT INTO order_table (`order_id`,`order_qty`,`item_id`,`order_completedAT`,`emp_id`) VALUES (538,8,7,'2019-09-14 04:38:13',1);
INSERT INTO order_table (`order_id`,`order_qty`,`item_id`,`order_completedAT`,`emp_id`) VALUES (539,1,2,'2019-09-21 10:34:13',3);
INSERT INTO order_table (`order_id`,`order_qty`,`item_id`,`order_completedAT`,`emp_id`) VALUES (540,10,8,'2019-09-18 17:53:47',1);
INSERT INTO order_table (`order_id`,`order_qty`,`item_id`,`order_completedAT`,`emp_id`) VALUES (541,8,4,'2019-08-17 19:22:24',3);
INSERT INTO order_table (`order_id`,`order_qty`,`item_id`,`order_completedAT`,`emp_id`) VALUES (542,6,5,'2019-09-16 14:07:21',5);
INSERT INTO order_table (`order_id`,`order_qty`,`item_id`,`order_completedAT`,`emp_id`) VALUES (543,6,2,'2019-09-17 02:48:31',5);
INSERT INTO order_table (`order_id`,`order_qty`,`item_id`,`order_completedAT`,`emp_id`) VALUES (544,5,10,'2019-09-28 13:24:35',4);
INSERT INTO order_table (`order_id`,`order_qty`,`item_id`,`order_completedAT`,`emp_id`) VALUES (545,1,4,'2019-09-27 15:55:06',2);
INSERT INTO order_table (`order_id`,`order_qty`,`item_id`,`order_completedAT`,`emp_id`) VALUES (546,8,3,'2019-09-10 23:18:40',3);
INSERT INTO order_table (`order_id`,`order_qty`,`item_id`,`order_completedAT`,`emp_id`) VALUES (547,10,10,'2019-09-20 13:31:53',5);
INSERT INTO order_table (`order_id`,`order_qty`,`item_id`,`order_completedAT`,`emp_id`) VALUES (548,3,10,'2019-09-28 03:42:23',2);
INSERT INTO order_table (`order_id`,`order_qty`,`item_id`,`order_completedAT`,`emp_id`) VALUES (549,5,1,'2019-08-08 16:22:00',1);
INSERT INTO order_table (`order_id`,`order_qty`,`item_id`,`order_completedAT`,`emp_id`) VALUES (550,10,9,'2019-09-13 05:50:51',1);
INSERT INTO order_table (`order_id`,`order_qty`,`item_id`,`order_completedAT`,`emp_id`) VALUES (551,10,8,'2019-08-16 00:47:49',3);
INSERT INTO order_table (`order_id`,`order_qty`,`item_id`,`order_completedAT`,`emp_id`) VALUES (552,7,6,'2019-09-18 04:21:23',2);
INSERT INTO order_table (`order_id`,`order_qty`,`item_id`,`order_completedAT`,`emp_id`) VALUES (553,5,9,'2019-09-03 22:24:56',3);
INSERT INTO order_table (`order_id`,`order_qty`,`item_id`,`order_completedAT`,`emp_id`) VALUES (554,9,10,'2019-09-07 00:53:01',3);
INSERT INTO order_table (`order_id`,`order_qty`,`item_id`,`order_completedAT`,`emp_id`) VALUES (555,2,6,'2019-08-05 11:23:56',2);
INSERT INTO order_table (`order_id`,`order_qty`,`item_id`,`order_completedAT`,`emp_id`) VALUES (556,8,3,'2019-09-05 12:10:24',5);
INSERT INTO order_table (`order_id`,`order_qty`,`item_id`,`order_completedAT`,`emp_id`) VALUES (557,10,4,'2019-09-03 03:52:46',3);
INSERT INTO order_table (`order_id`,`order_qty`,`item_id`,`order_completedAT`,`emp_id`) VALUES (558,10,7,'2019-09-13 09:59:06',2);
INSERT INTO order_table (`order_id`,`order_qty`,`item_id`,`order_completedAT`,`emp_id`) VALUES (559,8,9,'2019-09-21 21:37:52',2);
INSERT INTO order_table (`order_id`,`order_qty`,`item_id`,`order_completedAT`,`emp_id`) VALUES (560,2,10,'2019-09-29 17:22:11',4);
INSERT INTO order_table (`order_id`,`order_qty`,`item_id`,`order_completedAT`,`emp_id`) VALUES (561,6,7,'2019-08-02 13:29:57',3);
INSERT INTO order_table (`order_id`,`order_qty`,`item_id`,`order_completedAT`,`emp_id`) VALUES (562,1,7,'2019-08-28 05:03:18',2);
INSERT INTO order_table (`order_id`,`order_qty`,`item_id`,`order_completedAT`,`emp_id`) VALUES (563,3,1,'2019-08-29 15:13:58',1);
INSERT INTO order_table (`order_id`,`order_qty`,`item_id`,`order_completedAT`,`emp_id`) VALUES (564,4,9,'2019-08-12 06:08:21',1);
INSERT INTO order_table (`order_id`,`order_qty`,`item_id`,`order_completedAT`,`emp_id`) VALUES (565,3,10,'2019-09-06 07:21:30',4);
INSERT INTO order_table (`order_id`,`order_qty`,`item_id`,`order_completedAT`,`emp_id`) VALUES (566,5,6,'2019-09-09 00:16:57',2);
INSERT INTO order_table (`order_id`,`order_qty`,`item_id`,`order_completedAT`,`emp_id`) VALUES (567,7,3,'2019-09-28 18:51:04',4);
INSERT INTO order_table (`order_id`,`order_qty`,`item_id`,`order_completedAT`,`emp_id`) VALUES (568,3,5,'2019-08-03 05:27:24',4);
INSERT INTO order_table (`order_id`,`order_qty`,`item_id`,`order_completedAT`,`emp_id`) VALUES (569,9,8,'2019-08-08 10:20:51',3);
INSERT INTO order_table (`order_id`,`order_qty`,`item_id`,`order_completedAT`,`emp_id`) VALUES (570,7,6,'2019-08-19 16:01:47',5);
INSERT INTO order_table (`order_id`,`order_qty`,`item_id`,`order_completedAT`,`emp_id`) VALUES (571,6,4,'2019-08-03 23:31:00',4);
INSERT INTO order_table (`order_id`,`order_qty`,`item_id`,`order_completedAT`,`emp_id`) VALUES (572,3,3,'2019-09-25 22:10:04',3);
INSERT INTO order_table (`order_id`,`order_qty`,`item_id`,`order_completedAT`,`emp_id`) VALUES (573,1,4,'2019-08-04 17:38:55',1);
INSERT INTO order_table (`order_id`,`order_qty`,`item_id`,`order_completedAT`,`emp_id`) VALUES (574,1,8,'2019-09-16 07:55:45',2);
INSERT INTO order_table (`order_id`,`order_qty`,`item_id`,`order_completedAT`,`emp_id`) VALUES (575,10,7,'2019-08-12 03:05:59',5);
INSERT INTO order_table (`order_id`,`order_qty`,`item_id`,`order_completedAT`,`emp_id`) VALUES (576,6,1,'2019-08-30 10:42:04',4);
INSERT INTO order_table (`order_id`,`order_qty`,`item_id`,`order_completedAT`,`emp_id`) VALUES (577,3,9,'2019-08-10 16:37:48',3);
INSERT INTO order_table (`order_id`,`order_qty`,`item_id`,`order_completedAT`,`emp_id`) VALUES (578,2,3,'2019-09-21 16:59:26',5);
INSERT INTO order_table (`order_id`,`order_qty`,`item_id`,`order_completedAT`,`emp_id`) VALUES (579,3,7,'2019-08-23 23:12:22',5);
INSERT INTO order_table (`order_id`,`order_qty`,`item_id`,`order_completedAT`,`emp_id`) VALUES (580,3,1,'2019-08-09 20:02:56',4);
INSERT INTO order_table (`order_id`,`order_qty`,`item_id`,`order_completedAT`,`emp_id`) VALUES (581,3,5,'2019-09-19 08:44:23',2);
INSERT INTO order_table (`order_id`,`order_qty`,`item_id`,`order_completedAT`,`emp_id`) VALUES (582,7,2,'2019-08-17 11:55:44',2);
INSERT INTO order_table (`order_id`,`order_qty`,`item_id`,`order_completedAT`,`emp_id`) VALUES (583,7,3,'2019-09-24 21:17:36',1);
INSERT INTO order_table (`order_id`,`order_qty`,`item_id`,`order_completedAT`,`emp_id`) VALUES (584,7,8,'2019-09-09 20:25:26',3);
INSERT INTO order_table (`order_id`,`order_qty`,`item_id`,`order_completedAT`,`emp_id`) VALUES (585,2,5,'2019-09-15 06:57:24',1);
INSERT INTO order_table (`order_id`,`order_qty`,`item_id`,`order_completedAT`,`emp_id`) VALUES (586,7,8,'2019-09-20 10:29:56',3);
INSERT INTO order_table (`order_id`,`order_qty`,`item_id`,`order_completedAT`,`emp_id`) VALUES (587,7,9,'2019-09-06 04:53:51',5);
INSERT INTO order_table (`order_id`,`order_qty`,`item_id`,`order_completedAT`,`emp_id`) VALUES (588,5,8,'2019-08-13 22:55:17',1);
INSERT INTO order_table (`order_id`,`order_qty`,`item_id`,`order_completedAT`,`emp_id`) VALUES (589,5,4,'2019-08-10 18:20:39',5);
INSERT INTO order_table (`order_id`,`order_qty`,`item_id`,`order_completedAT`,`emp_id`) VALUES (590,4,9,'2019-08-24 18:51:48',4);
INSERT INTO order_table (`order_id`,`order_qty`,`item_id`,`order_completedAT`,`emp_id`) VALUES (591,4,5,'2019-09-07 03:49:27',5);
INSERT INTO order_table (`order_id`,`order_qty`,`item_id`,`order_completedAT`,`emp_id`) VALUES (592,10,4,'2019-09-15 04:10:53',3);
INSERT INTO order_table (`order_id`,`order_qty`,`item_id`,`order_completedAT`,`emp_id`) VALUES (593,8,4,'2019-08-06 22:35:31',5);
INSERT INTO order_table (`order_id`,`order_qty`,`item_id`,`order_completedAT`,`emp_id`) VALUES (594,7,6,'2019-09-05 11:53:40',3);
INSERT INTO order_table (`order_id`,`order_qty`,`item_id`,`order_completedAT`,`emp_id`) VALUES (595,8,10,'2019-08-23 18:11:39',5);
INSERT INTO order_table (`order_id`,`order_qty`,`item_id`,`order_completedAT`,`emp_id`) VALUES (596,4,5,'2019-09-19 01:41:28',3);
INSERT INTO order_table (`order_id`,`order_qty`,`item_id`,`order_completedAT`,`emp_id`) VALUES (597,3,2,'2019-08-07 11:03:18',3);
INSERT INTO order_table (`order_id`,`order_qty`,`item_id`,`order_completedAT`,`emp_id`) VALUES (598,6,5,'2019-08-09 11:24:16',3);
INSERT INTO order_table (`order_id`,`order_qty`,`item_id`,`order_completedAT`,`emp_id`) VALUES (599,8,8,'2019-08-09 02:45:51',3);
INSERT INTO order_table (`order_id`,`order_qty`,`item_id`,`order_completedAT`,`emp_id`) VALUES (600,1,8,'2019-09-13 06:05:26',3);
INSERT INTO order_table (`order_id`,`order_qty`,`item_id`,`order_completedAT`,`emp_id`) VALUES (601,5,2,'2019-08-12 10:07:14',3);
INSERT INTO order_table (`order_id`,`order_qty`,`item_id`,`order_completedAT`,`emp_id`) VALUES (602,9,2,'2019-08-15 02:40:38',2);
INSERT INTO order_table (`order_id`,`order_qty`,`item_id`,`order_completedAT`,`emp_id`) VALUES (603,9,10,'2019-09-10 18:29:21',3);
INSERT INTO order_table (`order_id`,`order_qty`,`item_id`,`order_completedAT`,`emp_id`) VALUES (604,4,1,'2019-09-27 21:20:23',2);
INSERT INTO order_table (`order_id`,`order_qty`,`item_id`,`order_completedAT`,`emp_id`) VALUES (605,7,9,'2019-09-27 17:12:55',5);
INSERT INTO order_table (`order_id`,`order_qty`,`item_id`,`order_completedAT`,`emp_id`) VALUES (606,5,1,'2019-08-01 05:08:22',2);
INSERT INTO order_table (`order_id`,`order_qty`,`item_id`,`order_completedAT`,`emp_id`) VALUES (607,3,10,'2019-08-13 17:38:42',1);
INSERT INTO order_table (`order_id`,`order_qty`,`item_id`,`order_completedAT`,`emp_id`) VALUES (608,9,10,'2019-08-09 05:44:39',1);
INSERT INTO order_table (`order_id`,`order_qty`,`item_id`,`order_completedAT`,`emp_id`) VALUES (609,3,3,'2019-08-18 17:51:23',3);
INSERT INTO order_table (`order_id`,`order_qty`,`item_id`,`order_completedAT`,`emp_id`) VALUES (610,9,1,'2019-09-14 20:23:38',3);
INSERT INTO order_table (`order_id`,`order_qty`,`item_id`,`order_completedAT`,`emp_id`) VALUES (611,3,6,'2019-08-26 13:25:49',2);
INSERT INTO order_table (`order_id`,`order_qty`,`item_id`,`order_completedAT`,`emp_id`) VALUES (612,2,3,'2019-09-20 02:06:20',1);
INSERT INTO order_table (`order_id`,`order_qty`,`item_id`,`order_completedAT`,`emp_id`) VALUES (613,10,1,'2019-08-03 02:48:52',3);
INSERT INTO order_table (`order_id`,`order_qty`,`item_id`,`order_completedAT`,`emp_id`) VALUES (614,7,9,'2019-08-29 21:10:44',1);
INSERT INTO order_table (`order_id`,`order_qty`,`item_id`,`order_completedAT`,`emp_id`) VALUES (615,5,10,'2019-09-29 17:39:53',3);
INSERT INTO order_table (`order_id`,`order_qty`,`item_id`,`order_completedAT`,`emp_id`) VALUES (616,1,4,'2019-09-28 15:42:45',3);
INSERT INTO order_table (`order_id`,`order_qty`,`item_id`,`order_completedAT`,`emp_id`) VALUES (617,7,8,'2019-08-18 00:32:58',4);
INSERT INTO order_table (`order_id`,`order_qty`,`item_id`,`order_completedAT`,`emp_id`) VALUES (618,10,1,'2019-08-15 12:33:22',5);
INSERT INTO order_table (`order_id`,`order_qty`,`item_id`,`order_completedAT`,`emp_id`) VALUES (619,4,1,'2019-09-06 22:02:40',1);
INSERT INTO order_table (`order_id`,`order_qty`,`item_id`,`order_completedAT`,`emp_id`) VALUES (620,10,4,'2019-09-11 17:55:36',5);
INSERT INTO order_table (`order_id`,`order_qty`,`item_id`,`order_completedAT`,`emp_id`) VALUES (621,6,5,'2019-09-22 09:26:30',5);
INSERT INTO order_table (`order_id`,`order_qty`,`item_id`,`order_completedAT`,`emp_id`) VALUES (622,6,9,'2019-09-09 12:31:00',4);
INSERT INTO order_table (`order_id`,`order_qty`,`item_id`,`order_completedAT`,`emp_id`) VALUES (623,3,5,'2019-09-27 14:18:40',3);
INSERT INTO order_table (`order_id`,`order_qty`,`item_id`,`order_completedAT`,`emp_id`) VALUES (624,2,10,'2019-08-12 03:30:58',4);
INSERT INTO order_table (`order_id`,`order_qty`,`item_id`,`order_completedAT`,`emp_id`) VALUES (625,9,10,'2019-09-29 08:15:56',2);
INSERT INTO order_table (`order_id`,`order_qty`,`item_id`,`order_completedAT`,`emp_id`) VALUES (626,6,2,'2019-08-25 13:58:42',2);
INSERT INTO order_table (`order_id`,`order_qty`,`item_id`,`order_completedAT`,`emp_id`) VALUES (627,9,9,'2019-09-28 12:46:28',1);
INSERT INTO order_table (`order_id`,`order_qty`,`item_id`,`order_completedAT`,`emp_id`) VALUES (628,1,5,'2019-09-13 06:07:17',3);
INSERT INTO order_table (`order_id`,`order_qty`,`item_id`,`order_completedAT`,`emp_id`) VALUES (629,7,7,'2019-09-21 05:56:59',1);
INSERT INTO order_table (`order_id`,`order_qty`,`item_id`,`order_completedAT`,`emp_id`) VALUES (630,9,6,'2019-08-03 14:45:08',2);
INSERT INTO order_table (`order_id`,`order_qty`,`item_id`,`order_completedAT`,`emp_id`) VALUES (631,7,5,'2019-08-31 22:14:23',5);
INSERT INTO order_table (`order_id`,`order_qty`,`item_id`,`order_completedAT`,`emp_id`) VALUES (632,6,5,'2019-08-29 22:41:22',3);
INSERT INTO order_table (`order_id`,`order_qty`,`item_id`,`order_completedAT`,`emp_id`) VALUES (633,4,2,'2019-09-25 07:06:40',3);
INSERT INTO order_table (`order_id`,`order_qty`,`item_id`,`order_completedAT`,`emp_id`) VALUES (634,9,2,'2019-08-23 11:02:53',4);
INSERT INTO order_table (`order_id`,`order_qty`,`item_id`,`order_completedAT`,`emp_id`) VALUES (635,1,10,'2019-08-06 12:13:05',1);
INSERT INTO order_table (`order_id`,`order_qty`,`item_id`,`order_completedAT`,`emp_id`) VALUES (636,5,8,'2019-09-05 11:06:42',3);
INSERT INTO order_table (`order_id`,`order_qty`,`item_id`,`order_completedAT`,`emp_id`) VALUES (637,2,8,'2019-08-14 09:28:23',4);
INSERT INTO order_table (`order_id`,`order_qty`,`item_id`,`order_completedAT`,`emp_id`) VALUES (638,5,1,'2019-08-21 02:11:06',2);
INSERT INTO order_table (`order_id`,`order_qty`,`item_id`,`order_completedAT`,`emp_id`) VALUES (639,3,5,'2019-09-18 10:55:08',1);
INSERT INTO order_table (`order_id`,`order_qty`,`item_id`,`order_completedAT`,`emp_id`) VALUES (640,10,10,'2019-09-24 12:46:44',1);
INSERT INTO order_table (`order_id`,`order_qty`,`item_id`,`order_completedAT`,`emp_id`) VALUES (641,10,4,'2019-09-28 21:12:47',4);
INSERT INTO order_table (`order_id`,`order_qty`,`item_id`,`order_completedAT`,`emp_id`) VALUES (642,8,1,'2019-09-03 19:48:09',5);
INSERT INTO order_table (`order_id`,`order_qty`,`item_id`,`order_completedAT`,`emp_id`) VALUES (643,1,7,'2019-09-09 06:38:55',3);
INSERT INTO order_table (`order_id`,`order_qty`,`item_id`,`order_completedAT`,`emp_id`) VALUES (644,2,3,'2019-08-05 20:29:11',3);
INSERT INTO order_table (`order_id`,`order_qty`,`item_id`,`order_completedAT`,`emp_id`) VALUES (645,8,7,'2019-08-23 22:25:03',3);
INSERT INTO order_table (`order_id`,`order_qty`,`item_id`,`order_completedAT`,`emp_id`) VALUES (646,2,2,'2019-09-12 17:37:26',3);
INSERT INTO order_table (`order_id`,`order_qty`,`item_id`,`order_completedAT`,`emp_id`) VALUES (647,8,10,'2019-08-21 21:52:40',1);
INSERT INTO order_table (`order_id`,`order_qty`,`item_id`,`order_completedAT`,`emp_id`) VALUES (648,9,1,'2019-08-27 14:54:00',1);
INSERT INTO order_table (`order_id`,`order_qty`,`item_id`,`order_completedAT`,`emp_id`) VALUES (649,10,5,'2019-09-10 16:05:35',4);
INSERT INTO order_table (`order_id`,`order_qty`,`item_id`,`order_completedAT`,`emp_id`) VALUES (650,2,3,'2019-08-09 09:18:34',3);
INSERT INTO order_table (`order_id`,`order_qty`,`item_id`,`order_completedAT`,`emp_id`) VALUES (651,7,4,'2019-08-03 00:57:58',4);
INSERT INTO order_table (`order_id`,`order_qty`,`item_id`,`order_completedAT`,`emp_id`) VALUES (652,2,9,'2019-08-19 08:32:37',1);
INSERT INTO order_table (`order_id`,`order_qty`,`item_id`,`order_completedAT`,`emp_id`) VALUES (653,1,10,'2019-08-29 03:10:21',2);
INSERT INTO order_table (`order_id`,`order_qty`,`item_id`,`order_completedAT`,`emp_id`) VALUES (654,2,10,'2019-09-26 17:08:10',2);
INSERT INTO order_table (`order_id`,`order_qty`,`item_id`,`order_completedAT`,`emp_id`) VALUES (655,5,9,'2019-09-17 07:46:39',3);
INSERT INTO order_table (`order_id`,`order_qty`,`item_id`,`order_completedAT`,`emp_id`) VALUES (656,9,2,'2019-09-12 05:19:42',1);
INSERT INTO order_table (`order_id`,`order_qty`,`item_id`,`order_completedAT`,`emp_id`) VALUES (657,8,7,'2019-09-26 18:24:21',4);
INSERT INTO order_table (`order_id`,`order_qty`,`item_id`,`order_completedAT`,`emp_id`) VALUES (658,6,9,'2019-08-17 16:22:24',4);
INSERT INTO order_table (`order_id`,`order_qty`,`item_id`,`order_completedAT`,`emp_id`) VALUES (659,10,3,'2019-09-29 18:07:18',4);
INSERT INTO order_table (`order_id`,`order_qty`,`item_id`,`order_completedAT`,`emp_id`) VALUES (660,5,1,'2019-09-23 21:36:44',2);
INSERT INTO order_table (`order_id`,`order_qty`,`item_id`,`order_completedAT`,`emp_id`) VALUES (661,9,7,'2019-08-31 09:38:29',2);
INSERT INTO order_table (`order_id`,`order_qty`,`item_id`,`order_completedAT`,`emp_id`) VALUES (662,3,3,'2019-08-08 03:51:17',1);
INSERT INTO order_table (`order_id`,`order_qty`,`item_id`,`order_completedAT`,`emp_id`) VALUES (663,3,6,'2019-08-18 00:40:59',5);
INSERT INTO order_table (`order_id`,`order_qty`,`item_id`,`order_completedAT`,`emp_id`) VALUES (664,7,9,'2019-09-12 05:59:38',3);
INSERT INTO order_table (`order_id`,`order_qty`,`item_id`,`order_completedAT`,`emp_id`) VALUES (665,2,8,'2019-08-02 21:55:03',3);
INSERT INTO order_table (`order_id`,`order_qty`,`item_id`,`order_completedAT`,`emp_id`) VALUES (666,9,6,'2019-08-17 09:08:30',5);
INSERT INTO order_table (`order_id`,`order_qty`,`item_id`,`order_completedAT`,`emp_id`) VALUES (667,5,10,'2019-08-14 02:00:34',2);
INSERT INTO order_table (`order_id`,`order_qty`,`item_id`,`order_completedAT`,`emp_id`) VALUES (668,1,10,'2019-08-26 06:21:03',2);
INSERT INTO order_table (`order_id`,`order_qty`,`item_id`,`order_completedAT`,`emp_id`) VALUES (669,3,4,'2019-09-12 15:32:38',2);
INSERT INTO order_table (`order_id`,`order_qty`,`item_id`,`order_completedAT`,`emp_id`) VALUES (670,1,6,'2019-08-29 04:33:22',2);
INSERT INTO order_table (`order_id`,`order_qty`,`item_id`,`order_completedAT`,`emp_id`) VALUES (671,10,1,'2019-08-10 09:55:59',2);
INSERT INTO order_table (`order_id`,`order_qty`,`item_id`,`order_completedAT`,`emp_id`) VALUES (672,2,1,'2019-08-25 11:43:07',5);
INSERT INTO order_table (`order_id`,`order_qty`,`item_id`,`order_completedAT`,`emp_id`) VALUES (673,8,2,'2019-09-26 12:03:02',4);
INSERT INTO order_table (`order_id`,`order_qty`,`item_id`,`order_completedAT`,`emp_id`) VALUES (674,10,10,'2019-08-24 06:26:15',2);
INSERT INTO order_table (`order_id`,`order_qty`,`item_id`,`order_completedAT`,`emp_id`) VALUES (675,6,1,'2019-08-03 11:27:52',2);
INSERT INTO order_table (`order_id`,`order_qty`,`item_id`,`order_completedAT`,`emp_id`) VALUES (676,2,6,'2019-08-22 10:15:37',1);
INSERT INTO order_table (`order_id`,`order_qty`,`item_id`,`order_completedAT`,`emp_id`) VALUES (677,6,10,'2019-09-16 08:38:28',5);
INSERT INTO order_table (`order_id`,`order_qty`,`item_id`,`order_completedAT`,`emp_id`) VALUES (678,4,6,'2019-09-15 20:42:33',5);
INSERT INTO order_table (`order_id`,`order_qty`,`item_id`,`order_completedAT`,`emp_id`) VALUES (679,7,6,'2019-08-02 16:08:34',2);
INSERT INTO order_table (`order_id`,`order_qty`,`item_id`,`order_completedAT`,`emp_id`) VALUES (680,6,7,'2019-08-18 05:50:00',5);
INSERT INTO order_table (`order_id`,`order_qty`,`item_id`,`order_completedAT`,`emp_id`) VALUES (681,6,5,'2019-08-10 15:49:45',5);
INSERT INTO order_table (`order_id`,`order_qty`,`item_id`,`order_completedAT`,`emp_id`) VALUES (682,8,7,'2019-08-06 11:54:38',2);
INSERT INTO order_table (`order_id`,`order_qty`,`item_id`,`order_completedAT`,`emp_id`) VALUES (683,5,8,'2019-08-22 21:55:55',3);
INSERT INTO order_table (`order_id`,`order_qty`,`item_id`,`order_completedAT`,`emp_id`) VALUES (684,7,8,'2019-09-13 09:47:06',5);
INSERT INTO order_table (`order_id`,`order_qty`,`item_id`,`order_completedAT`,`emp_id`) VALUES (685,3,1,'2019-08-26 09:49:44',5);
INSERT INTO order_table (`order_id`,`order_qty`,`item_id`,`order_completedAT`,`emp_id`) VALUES (686,1,2,'2019-08-26 10:43:51',1);
INSERT INTO order_table (`order_id`,`order_qty`,`item_id`,`order_completedAT`,`emp_id`) VALUES (687,9,9,'2019-08-17 22:24:37',1);
INSERT INTO order_table (`order_id`,`order_qty`,`item_id`,`order_completedAT`,`emp_id`) VALUES (688,1,6,'2019-08-23 02:28:45',2);
INSERT INTO order_table (`order_id`,`order_qty`,`item_id`,`order_completedAT`,`emp_id`) VALUES (689,9,4,'2019-08-16 22:53:49',4);
INSERT INTO order_table (`order_id`,`order_qty`,`item_id`,`order_completedAT`,`emp_id`) VALUES (690,8,2,'2019-09-24 03:51:26',5);
INSERT INTO order_table (`order_id`,`order_qty`,`item_id`,`order_completedAT`,`emp_id`) VALUES (691,1,8,'2019-08-23 04:56:32',4);
INSERT INTO order_table (`order_id`,`order_qty`,`item_id`,`order_completedAT`,`emp_id`) VALUES (692,7,7,'2019-09-01 21:46:27',1);
INSERT INTO order_table (`order_id`,`order_qty`,`item_id`,`order_completedAT`,`emp_id`) VALUES (693,1,7,'2019-09-13 00:56:31',4);
INSERT INTO order_table (`order_id`,`order_qty`,`item_id`,`order_completedAT`,`emp_id`) VALUES (694,4,5,'2019-08-01 03:36:37',5);
INSERT INTO order_table (`order_id`,`order_qty`,`item_id`,`order_completedAT`,`emp_id`) VALUES (695,5,5,'2019-08-11 05:19:59',1);
INSERT INTO order_table (`order_id`,`order_qty`,`item_id`,`order_completedAT`,`emp_id`) VALUES (696,6,3,'2019-09-06 07:15:28',2);
INSERT INTO order_table (`order_id`,`order_qty`,`item_id`,`order_completedAT`,`emp_id`) VALUES (697,9,2,'2019-09-10 10:39:21',4);
INSERT INTO order_table (`order_id`,`order_qty`,`item_id`,`order_completedAT`,`emp_id`) VALUES (698,2,5,'2019-08-10 15:58:34',5);
INSERT INTO order_table (`order_id`,`order_qty`,`item_id`,`order_completedAT`,`emp_id`) VALUES (699,4,1,'2019-09-24 16:38:09',4);
INSERT INTO order_table (`order_id`,`order_qty`,`item_id`,`order_completedAT`,`emp_id`) VALUES (700,2,9,'2019-09-05 22:25:49',1);
INSERT INTO order_table (`order_id`,`order_qty`,`item_id`,`order_completedAT`,`emp_id`) VALUES (701,7,1,'2019-08-24 22:02:15',4);
INSERT INTO order_table (`order_id`,`order_qty`,`item_id`,`order_completedAT`,`emp_id`) VALUES (702,3,4,'2019-08-11 12:42:51',5);
INSERT INTO order_table (`order_id`,`order_qty`,`item_id`,`order_completedAT`,`emp_id`) VALUES (703,5,7,'2019-09-17 21:52:56',2);
INSERT INTO order_table (`order_id`,`order_qty`,`item_id`,`order_completedAT`,`emp_id`) VALUES (704,2,5,'2019-08-26 17:35:54',3);
INSERT INTO order_table (`order_id`,`order_qty`,`item_id`,`order_completedAT`,`emp_id`) VALUES (705,10,9,'2019-08-31 06:07:26',5);
INSERT INTO order_table (`order_id`,`order_qty`,`item_id`,`order_completedAT`,`emp_id`) VALUES (706,5,10,'2019-09-26 11:58:59',2);
INSERT INTO order_table (`order_id`,`order_qty`,`item_id`,`order_completedAT`,`emp_id`) VALUES (707,5,2,'2019-08-30 15:42:07',2);
INSERT INTO order_table (`order_id`,`order_qty`,`item_id`,`order_completedAT`,`emp_id`) VALUES (708,5,6,'2019-09-04 08:23:52',3);
INSERT INTO order_table (`order_id`,`order_qty`,`item_id`,`order_completedAT`,`emp_id`) VALUES (709,9,7,'2019-09-21 14:05:34',4);
INSERT INTO order_table (`order_id`,`order_qty`,`item_id`,`order_completedAT`,`emp_id`) VALUES (710,3,10,'2019-09-03 08:31:00',3);
INSERT INTO order_table (`order_id`,`order_qty`,`item_id`,`order_completedAT`,`emp_id`) VALUES (711,1,2,'2019-09-09 20:13:50',2);
INSERT INTO order_table (`order_id`,`order_qty`,`item_id`,`order_completedAT`,`emp_id`) VALUES (712,8,9,'2019-08-04 23:08:58',4);
INSERT INTO order_table (`order_id`,`order_qty`,`item_id`,`order_completedAT`,`emp_id`) VALUES (713,10,8,'2019-09-28 23:46:12',5);
INSERT INTO order_table (`order_id`,`order_qty`,`item_id`,`order_completedAT`,`emp_id`) VALUES (714,7,10,'2019-09-02 17:04:46',2);
INSERT INTO order_table (`order_id`,`order_qty`,`item_id`,`order_completedAT`,`emp_id`) VALUES (715,1,10,'2019-09-09 10:15:49',4);
INSERT INTO order_table (`order_id`,`order_qty`,`item_id`,`order_completedAT`,`emp_id`) VALUES (716,3,6,'2019-08-13 18:44:15',5);
INSERT INTO order_table (`order_id`,`order_qty`,`item_id`,`order_completedAT`,`emp_id`) VALUES (717,6,4,'2019-09-26 11:53:54',4);
INSERT INTO order_table (`order_id`,`order_qty`,`item_id`,`order_completedAT`,`emp_id`) VALUES (718,9,10,'2019-09-26 03:13:40',4);
INSERT INTO order_table (`order_id`,`order_qty`,`item_id`,`order_completedAT`,`emp_id`) VALUES (719,3,10,'2019-08-05 15:30:35',3);
INSERT INTO order_table (`order_id`,`order_qty`,`item_id`,`order_completedAT`,`emp_id`) VALUES (720,1,6,'2019-08-29 05:28:03',2);
INSERT INTO order_table (`order_id`,`order_qty`,`item_id`,`order_completedAT`,`emp_id`) VALUES (721,4,9,'2019-08-21 03:12:18',5);
INSERT INTO order_table (`order_id`,`order_qty`,`item_id`,`order_completedAT`,`emp_id`) VALUES (722,7,3,'2019-08-03 03:47:07',2);
INSERT INTO order_table (`order_id`,`order_qty`,`item_id`,`order_completedAT`,`emp_id`) VALUES (723,3,1,'2019-09-10 11:25:46',5);
INSERT INTO order_table (`order_id`,`order_qty`,`item_id`,`order_completedAT`,`emp_id`) VALUES (724,5,5,'2019-09-17 19:16:39',4);
INSERT INTO order_table (`order_id`,`order_qty`,`item_id`,`order_completedAT`,`emp_id`) VALUES (725,6,2,'2019-08-27 11:40:14',4);
INSERT INTO order_table (`order_id`,`order_qty`,`item_id`,`order_completedAT`,`emp_id`) VALUES (726,4,10,'2019-09-14 15:09:56',1);
INSERT INTO order_table (`order_id`,`order_qty`,`item_id`,`order_completedAT`,`emp_id`) VALUES (727,6,2,'2019-08-19 19:38:59',1);
INSERT INTO order_table (`order_id`,`order_qty`,`item_id`,`order_completedAT`,`emp_id`) VALUES (728,6,7,'2019-08-16 04:52:49',1);
INSERT INTO order_table (`order_id`,`order_qty`,`item_id`,`order_completedAT`,`emp_id`) VALUES (729,9,8,'2019-08-20 22:34:49',2);
INSERT INTO order_table (`order_id`,`order_qty`,`item_id`,`order_completedAT`,`emp_id`) VALUES (730,4,2,'2019-08-21 16:40:19',5);
INSERT INTO order_table (`order_id`,`order_qty`,`item_id`,`order_completedAT`,`emp_id`) VALUES (731,9,6,'2019-09-24 19:15:46',1);
INSERT INTO order_table (`order_id`,`order_qty`,`item_id`,`order_completedAT`,`emp_id`) VALUES (732,5,7,'2019-09-25 09:49:44',1);
INSERT INTO order_table (`order_id`,`order_qty`,`item_id`,`order_completedAT`,`emp_id`) VALUES (733,4,4,'2019-08-17 23:10:27',5);
INSERT INTO order_table (`order_id`,`order_qty`,`item_id`,`order_completedAT`,`emp_id`) VALUES (734,8,4,'2019-08-10 15:19:56',4);
INSERT INTO order_table (`order_id`,`order_qty`,`item_id`,`order_completedAT`,`emp_id`) VALUES (735,8,2,'2019-08-20 16:05:57',4);
INSERT INTO order_table (`order_id`,`order_qty`,`item_id`,`order_completedAT`,`emp_id`) VALUES (736,8,3,'2019-09-29 21:34:35',3);
INSERT INTO order_table (`order_id`,`order_qty`,`item_id`,`order_completedAT`,`emp_id`) VALUES (737,4,3,'2019-08-09 11:21:19',5);
INSERT INTO order_table (`order_id`,`order_qty`,`item_id`,`order_completedAT`,`emp_id`) VALUES (738,10,2,'2019-08-16 04:35:45',4);
INSERT INTO order_table (`order_id`,`order_qty`,`item_id`,`order_completedAT`,`emp_id`) VALUES (739,9,4,'2019-08-01 09:00:38',1);
INSERT INTO order_table (`order_id`,`order_qty`,`item_id`,`order_completedAT`,`emp_id`) VALUES (740,8,4,'2019-09-09 13:44:52',2);
INSERT INTO order_table (`order_id`,`order_qty`,`item_id`,`order_completedAT`,`emp_id`) VALUES (741,4,5,'2019-09-02 01:01:05',4);
INSERT INTO order_table (`order_id`,`order_qty`,`item_id`,`order_completedAT`,`emp_id`) VALUES (742,2,1,'2019-09-28 10:46:42',5);
INSERT INTO order_table (`order_id`,`order_qty`,`item_id`,`order_completedAT`,`emp_id`) VALUES (743,1,3,'2019-09-16 05:07:44',5);
INSERT INTO order_table (`order_id`,`order_qty`,`item_id`,`order_completedAT`,`emp_id`) VALUES (744,10,4,'2019-09-11 04:59:57',2);
INSERT INTO order_table (`order_id`,`order_qty`,`item_id`,`order_completedAT`,`emp_id`) VALUES (745,10,2,'2019-09-26 21:39:56',2);
INSERT INTO order_table (`order_id`,`order_qty`,`item_id`,`order_completedAT`,`emp_id`) VALUES (746,6,8,'2019-09-25 19:51:44',2);
INSERT INTO order_table (`order_id`,`order_qty`,`item_id`,`order_completedAT`,`emp_id`) VALUES (747,4,8,'2019-09-03 04:54:25',5);
INSERT INTO order_table (`order_id`,`order_qty`,`item_id`,`order_completedAT`,`emp_id`) VALUES (748,1,10,'2019-09-20 09:52:15',1);
INSERT INTO order_table (`order_id`,`order_qty`,`item_id`,`order_completedAT`,`emp_id`) VALUES (749,2,3,'2019-09-10 18:31:00',1);
INSERT INTO order_table (`order_id`,`order_qty`,`item_id`,`order_completedAT`,`emp_id`) VALUES (750,2,3,'2019-09-24 13:03:01',1);
INSERT INTO order_table (`order_id`,`order_qty`,`item_id`,`order_completedAT`,`emp_id`) VALUES (751,3,10,'2019-08-21 17:20:09',4);
INSERT INTO order_table (`order_id`,`order_qty`,`item_id`,`order_completedAT`,`emp_id`) VALUES (752,2,7,'2019-08-17 17:30:15',3);
INSERT INTO order_table (`order_id`,`order_qty`,`item_id`,`order_completedAT`,`emp_id`) VALUES (753,7,9,'2019-09-04 16:01:28',5);
INSERT INTO order_table (`order_id`,`order_qty`,`item_id`,`order_completedAT`,`emp_id`) VALUES (754,8,3,'2019-09-07 23:38:16',2);
INSERT INTO order_table (`order_id`,`order_qty`,`item_id`,`order_completedAT`,`emp_id`) VALUES (755,6,3,'2019-09-01 00:51:21',4);
INSERT INTO order_table (`order_id`,`order_qty`,`item_id`,`order_completedAT`,`emp_id`) VALUES (756,8,7,'2019-09-29 20:15:21',4);
INSERT INTO order_table (`order_id`,`order_qty`,`item_id`,`order_completedAT`,`emp_id`) VALUES (757,6,2,'2019-08-10 12:31:32',5);
INSERT INTO order_table (`order_id`,`order_qty`,`item_id`,`order_completedAT`,`emp_id`) VALUES (758,4,6,'2019-08-31 08:48:50',1);
INSERT INTO order_table (`order_id`,`order_qty`,`item_id`,`order_completedAT`,`emp_id`) VALUES (759,3,4,'2019-08-25 04:34:03',1);
INSERT INTO order_table (`order_id`,`order_qty`,`item_id`,`order_completedAT`,`emp_id`) VALUES (760,4,7,'2019-08-26 16:17:06',4);
INSERT INTO order_table (`order_id`,`order_qty`,`item_id`,`order_completedAT`,`emp_id`) VALUES (761,1,1,'2019-09-15 05:24:12',3);
INSERT INTO order_table (`order_id`,`order_qty`,`item_id`,`order_completedAT`,`emp_id`) VALUES (762,6,6,'2019-08-13 21:02:02',2);
INSERT INTO order_table (`order_id`,`order_qty`,`item_id`,`order_completedAT`,`emp_id`) VALUES (763,3,9,'2019-08-10 22:42:14',2);
INSERT INTO order_table (`order_id`,`order_qty`,`item_id`,`order_completedAT`,`emp_id`) VALUES (764,6,6,'2019-08-08 06:46:23',4);
INSERT INTO order_table (`order_id`,`order_qty`,`item_id`,`order_completedAT`,`emp_id`) VALUES (765,3,7,'2019-09-27 19:30:20',5);
INSERT INTO order_table (`order_id`,`order_qty`,`item_id`,`order_completedAT`,`emp_id`) VALUES (766,2,9,'2019-09-23 22:19:35',2);
INSERT INTO order_table (`order_id`,`order_qty`,`item_id`,`order_completedAT`,`emp_id`) VALUES (767,4,10,'2019-09-26 04:35:13',3);
INSERT INTO order_table (`order_id`,`order_qty`,`item_id`,`order_completedAT`,`emp_id`) VALUES (768,7,8,'2019-08-27 16:57:31',5);
INSERT INTO order_table (`order_id`,`order_qty`,`item_id`,`order_completedAT`,`emp_id`) VALUES (769,10,3,'2019-09-12 14:09:38',3);
INSERT INTO order_table (`order_id`,`order_qty`,`item_id`,`order_completedAT`,`emp_id`) VALUES (770,2,4,'2019-09-04 16:31:35',2);
INSERT INTO order_table (`order_id`,`order_qty`,`item_id`,`order_completedAT`,`emp_id`) VALUES (771,10,9,'2019-08-12 01:49:03',4);
INSERT INTO order_table (`order_id`,`order_qty`,`item_id`,`order_completedAT`,`emp_id`) VALUES (772,3,1,'2019-09-07 18:25:13',5);
INSERT INTO order_table (`order_id`,`order_qty`,`item_id`,`order_completedAT`,`emp_id`) VALUES (773,1,1,'2019-08-14 05:09:52',1);
INSERT INTO order_table (`order_id`,`order_qty`,`item_id`,`order_completedAT`,`emp_id`) VALUES (774,6,3,'2019-08-01 05:47:27',2);
INSERT INTO order_table (`order_id`,`order_qty`,`item_id`,`order_completedAT`,`emp_id`) VALUES (775,10,4,'2019-08-11 01:38:19',2);
INSERT INTO order_table (`order_id`,`order_qty`,`item_id`,`order_completedAT`,`emp_id`) VALUES (776,5,10,'2019-08-13 17:02:05',1);
INSERT INTO order_table (`order_id`,`order_qty`,`item_id`,`order_completedAT`,`emp_id`) VALUES (777,6,7,'2019-08-17 09:16:20',5);
INSERT INTO order_table (`order_id`,`order_qty`,`item_id`,`order_completedAT`,`emp_id`) VALUES (778,7,10,'2019-09-14 01:45:08',1);
INSERT INTO order_table (`order_id`,`order_qty`,`item_id`,`order_completedAT`,`emp_id`) VALUES (779,7,3,'2019-09-06 22:10:42',4);
INSERT INTO order_table (`order_id`,`order_qty`,`item_id`,`order_completedAT`,`emp_id`) VALUES (780,1,8,'2019-08-16 11:16:14',1);
INSERT INTO order_table (`order_id`,`order_qty`,`item_id`,`order_completedAT`,`emp_id`) VALUES (781,9,10,'2019-08-06 04:29:56',3);
INSERT INTO order_table (`order_id`,`order_qty`,`item_id`,`order_completedAT`,`emp_id`) VALUES (782,2,10,'2019-08-02 00:26:29',5);
INSERT INTO order_table (`order_id`,`order_qty`,`item_id`,`order_completedAT`,`emp_id`) VALUES (783,2,4,'2019-08-13 21:37:08',5);
INSERT INTO order_table (`order_id`,`order_qty`,`item_id`,`order_completedAT`,`emp_id`) VALUES (784,7,9,'2019-08-29 00:32:51',3);
INSERT INTO order_table (`order_id`,`order_qty`,`item_id`,`order_completedAT`,`emp_id`) VALUES (785,2,3,'2019-08-03 09:51:54',1);
INSERT INTO order_table (`order_id`,`order_qty`,`item_id`,`order_completedAT`,`emp_id`) VALUES (786,10,3,'2019-08-25 17:44:12',5);
INSERT INTO order_table (`order_id`,`order_qty`,`item_id`,`order_completedAT`,`emp_id`) VALUES (787,2,1,'2019-09-16 14:51:02',2);
INSERT INTO order_table (`order_id`,`order_qty`,`item_id`,`order_completedAT`,`emp_id`) VALUES (788,9,9,'2019-08-26 02:52:19',4);
INSERT INTO order_table (`order_id`,`order_qty`,`item_id`,`order_completedAT`,`emp_id`) VALUES (789,9,4,'2019-09-13 08:27:40',3);
INSERT INTO order_table (`order_id`,`order_qty`,`item_id`,`order_completedAT`,`emp_id`) VALUES (790,7,10,'2019-09-23 10:32:11',2);
INSERT INTO order_table (`order_id`,`order_qty`,`item_id`,`order_completedAT`,`emp_id`) VALUES (791,2,9,'2019-09-27 00:49:13',1);
INSERT INTO order_table (`order_id`,`order_qty`,`item_id`,`order_completedAT`,`emp_id`) VALUES (792,3,1,'2019-09-19 06:03:23',4);
INSERT INTO order_table (`order_id`,`order_qty`,`item_id`,`order_completedAT`,`emp_id`) VALUES (793,9,6,'2019-08-29 12:21:12',5);
INSERT INTO order_table (`order_id`,`order_qty`,`item_id`,`order_completedAT`,`emp_id`) VALUES (794,5,6,'2019-08-29 03:33:56',4);
INSERT INTO order_table (`order_id`,`order_qty`,`item_id`,`order_completedAT`,`emp_id`) VALUES (795,3,1,'2019-08-21 22:48:13',1);
INSERT INTO order_table (`order_id`,`order_qty`,`item_id`,`order_completedAT`,`emp_id`) VALUES (796,7,9,'2019-09-04 05:38:34',5);
INSERT INTO order_table (`order_id`,`order_qty`,`item_id`,`order_completedAT`,`emp_id`) VALUES (797,1,7,'2019-08-02 16:51:22',2);
INSERT INTO order_table (`order_id`,`order_qty`,`item_id`,`order_completedAT`,`emp_id`) VALUES (798,4,7,'2019-09-12 04:05:16',4);
INSERT INTO order_table (`order_id`,`order_qty`,`item_id`,`order_completedAT`,`emp_id`) VALUES (799,7,6,'2019-08-28 11:07:32',5);
INSERT INTO order_table (`order_id`,`order_qty`,`item_id`,`order_completedAT`,`emp_id`) VALUES (800,9,9,'2019-09-25 11:29:56',3);
INSERT INTO order_table (`order_id`,`order_qty`,`item_id`,`order_completedAT`,`emp_id`) VALUES (801,2,5,'2019-09-08 21:08:31',2);
INSERT INTO order_table (`order_id`,`order_qty`,`item_id`,`order_completedAT`,`emp_id`) VALUES (802,5,3,'2019-08-16 02:13:26',3);
INSERT INTO order_table (`order_id`,`order_qty`,`item_id`,`order_completedAT`,`emp_id`) VALUES (803,3,3,'2019-09-20 09:18:00',5);
INSERT INTO order_table (`order_id`,`order_qty`,`item_id`,`order_completedAT`,`emp_id`) VALUES (804,6,2,'2019-08-14 16:00:54',1);
INSERT INTO order_table (`order_id`,`order_qty`,`item_id`,`order_completedAT`,`emp_id`) VALUES (805,3,9,'2019-09-08 08:58:31',5);
INSERT INTO order_table (`order_id`,`order_qty`,`item_id`,`order_completedAT`,`emp_id`) VALUES (806,1,5,'2019-08-25 07:57:32',2);
INSERT INTO order_table (`order_id`,`order_qty`,`item_id`,`order_completedAT`,`emp_id`) VALUES (807,7,2,'2019-09-21 23:10:46',1);
INSERT INTO order_table (`order_id`,`order_qty`,`item_id`,`order_completedAT`,`emp_id`) VALUES (808,3,1,'2019-09-05 20:29:20',3);
INSERT INTO order_table (`order_id`,`order_qty`,`item_id`,`order_completedAT`,`emp_id`) VALUES (809,3,1,'2019-08-16 02:29:49',5);
INSERT INTO order_table (`order_id`,`order_qty`,`item_id`,`order_completedAT`,`emp_id`) VALUES (810,2,1,'2019-09-23 04:49:50',4);
INSERT INTO order_table (`order_id`,`order_qty`,`item_id`,`order_completedAT`,`emp_id`) VALUES (811,8,8,'2019-08-17 03:41:38',1);
INSERT INTO order_table (`order_id`,`order_qty`,`item_id`,`order_completedAT`,`emp_id`) VALUES (812,9,8,'2019-09-04 17:19:12',1);
INSERT INTO order_table (`order_id`,`order_qty`,`item_id`,`order_completedAT`,`emp_id`) VALUES (813,10,10,'2019-08-14 14:15:07',3);
INSERT INTO order_table (`order_id`,`order_qty`,`item_id`,`order_completedAT`,`emp_id`) VALUES (814,8,8,'2019-09-28 04:20:19',5);
INSERT INTO order_table (`order_id`,`order_qty`,`item_id`,`order_completedAT`,`emp_id`) VALUES (815,7,3,'2019-09-20 11:40:16',1);
INSERT INTO order_table (`order_id`,`order_qty`,`item_id`,`order_completedAT`,`emp_id`) VALUES (816,3,10,'2019-09-11 11:19:09',1);
INSERT INTO order_table (`order_id`,`order_qty`,`item_id`,`order_completedAT`,`emp_id`) VALUES (817,7,6,'2019-09-20 21:15:26',4);
INSERT INTO order_table (`order_id`,`order_qty`,`item_id`,`order_completedAT`,`emp_id`) VALUES (818,3,2,'2019-08-12 16:56:42',3);
INSERT INTO order_table (`order_id`,`order_qty`,`item_id`,`order_completedAT`,`emp_id`) VALUES (819,7,7,'2019-09-08 17:41:13',3);
INSERT INTO order_table (`order_id`,`order_qty`,`item_id`,`order_completedAT`,`emp_id`) VALUES (820,8,5,'2019-08-09 15:44:16',1);
INSERT INTO order_table (`order_id`,`order_qty`,`item_id`,`order_completedAT`,`emp_id`) VALUES (821,4,5,'2019-08-20 00:46:18',4);
INSERT INTO order_table (`order_id`,`order_qty`,`item_id`,`order_completedAT`,`emp_id`) VALUES (822,7,3,'2019-08-23 06:21:51',5);
INSERT INTO order_table (`order_id`,`order_qty`,`item_id`,`order_completedAT`,`emp_id`) VALUES (823,10,3,'2019-09-22 20:03:39',2);
INSERT INTO order_table (`order_id`,`order_qty`,`item_id`,`order_completedAT`,`emp_id`) VALUES (824,7,2,'2019-09-28 07:14:27',2);
INSERT INTO order_table (`order_id`,`order_qty`,`item_id`,`order_completedAT`,`emp_id`) VALUES (825,9,4,'2019-08-26 13:49:06',3);
INSERT INTO order_table (`order_id`,`order_qty`,`item_id`,`order_completedAT`,`emp_id`) VALUES (826,8,10,'2019-09-26 19:28:19',2);
INSERT INTO order_table (`order_id`,`order_qty`,`item_id`,`order_completedAT`,`emp_id`) VALUES (827,8,1,'2019-08-16 02:48:29',3);
INSERT INTO order_table (`order_id`,`order_qty`,`item_id`,`order_completedAT`,`emp_id`) VALUES (828,9,3,'2019-08-28 20:57:42',3);
INSERT INTO order_table (`order_id`,`order_qty`,`item_id`,`order_completedAT`,`emp_id`) VALUES (829,7,10,'2019-09-27 16:52:34',4);
INSERT INTO order_table (`order_id`,`order_qty`,`item_id`,`order_completedAT`,`emp_id`) VALUES (830,6,1,'2019-08-21 16:44:44',5);
INSERT INTO order_table (`order_id`,`order_qty`,`item_id`,`order_completedAT`,`emp_id`) VALUES (831,6,10,'2019-09-20 23:22:57',1);
INSERT INTO order_table (`order_id`,`order_qty`,`item_id`,`order_completedAT`,`emp_id`) VALUES (832,5,7,'2019-09-20 11:13:57',1);
INSERT INTO order_table (`order_id`,`order_qty`,`item_id`,`order_completedAT`,`emp_id`) VALUES (833,9,3,'2019-09-20 23:33:36',1);
INSERT INTO order_table (`order_id`,`order_qty`,`item_id`,`order_completedAT`,`emp_id`) VALUES (834,2,8,'2019-08-22 12:18:17',4);
INSERT INTO order_table (`order_id`,`order_qty`,`item_id`,`order_completedAT`,`emp_id`) VALUES (835,7,1,'2019-09-12 04:10:30',2);
INSERT INTO order_table (`order_id`,`order_qty`,`item_id`,`order_completedAT`,`emp_id`) VALUES (836,4,8,'2019-09-17 00:25:00',1);
INSERT INTO order_table (`order_id`,`order_qty`,`item_id`,`order_completedAT`,`emp_id`) VALUES (837,10,1,'2019-09-06 00:53:20',3);
INSERT INTO order_table (`order_id`,`order_qty`,`item_id`,`order_completedAT`,`emp_id`) VALUES (838,5,3,'2019-08-25 00:50:23',5);
INSERT INTO order_table (`order_id`,`order_qty`,`item_id`,`order_completedAT`,`emp_id`) VALUES (839,2,6,'2019-08-09 02:59:44',3);
INSERT INTO order_table (`order_id`,`order_qty`,`item_id`,`order_completedAT`,`emp_id`) VALUES (840,1,1,'2019-09-17 02:33:14',5);
INSERT INTO order_table (`order_id`,`order_qty`,`item_id`,`order_completedAT`,`emp_id`) VALUES (841,5,8,'2019-08-18 02:45:05',3);
INSERT INTO order_table (`order_id`,`order_qty`,`item_id`,`order_completedAT`,`emp_id`) VALUES (842,1,2,'2019-09-28 21:17:15',1);
INSERT INTO order_table (`order_id`,`order_qty`,`item_id`,`order_completedAT`,`emp_id`) VALUES (843,7,7,'2019-08-07 04:09:12',2);
INSERT INTO order_table (`order_id`,`order_qty`,`item_id`,`order_completedAT`,`emp_id`) VALUES (844,6,8,'2019-09-15 13:38:17',1);
INSERT INTO order_table (`order_id`,`order_qty`,`item_id`,`order_completedAT`,`emp_id`) VALUES (845,2,1,'2019-09-01 03:35:23',2);
INSERT INTO order_table (`order_id`,`order_qty`,`item_id`,`order_completedAT`,`emp_id`) VALUES (846,5,3,'2019-09-21 10:23:42',1);
INSERT INTO order_table (`order_id`,`order_qty`,`item_id`,`order_completedAT`,`emp_id`) VALUES (847,4,1,'2019-08-27 16:08:46',1);
INSERT INTO order_table (`order_id`,`order_qty`,`item_id`,`order_completedAT`,`emp_id`) VALUES (848,3,8,'2019-09-20 05:10:44',3);
INSERT INTO order_table (`order_id`,`order_qty`,`item_id`,`order_completedAT`,`emp_id`) VALUES (849,1,8,'2019-09-08 20:26:31',4);
INSERT INTO order_table (`order_id`,`order_qty`,`item_id`,`order_completedAT`,`emp_id`) VALUES (850,4,5,'2019-08-29 16:59:48',5);
INSERT INTO order_table (`order_id`,`order_qty`,`item_id`,`order_completedAT`,`emp_id`) VALUES (851,3,2,'2019-08-04 08:16:52',1);
INSERT INTO order_table (`order_id`,`order_qty`,`item_id`,`order_completedAT`,`emp_id`) VALUES (852,10,9,'2019-09-01 06:43:36',3);
INSERT INTO order_table (`order_id`,`order_qty`,`item_id`,`order_completedAT`,`emp_id`) VALUES (853,1,8,'2019-09-12 06:04:22',4);
INSERT INTO order_table (`order_id`,`order_qty`,`item_id`,`order_completedAT`,`emp_id`) VALUES (854,2,3,'2019-09-25 05:20:34',4);
INSERT INTO order_table (`order_id`,`order_qty`,`item_id`,`order_completedAT`,`emp_id`) VALUES (855,3,8,'2019-08-10 15:18:25',1);
INSERT INTO order_table (`order_id`,`order_qty`,`item_id`,`order_completedAT`,`emp_id`) VALUES (856,2,4,'2019-09-20 20:59:19',3);
INSERT INTO order_table (`order_id`,`order_qty`,`item_id`,`order_completedAT`,`emp_id`) VALUES (857,5,5,'2019-09-27 01:23:31',1);
INSERT INTO order_table (`order_id`,`order_qty`,`item_id`,`order_completedAT`,`emp_id`) VALUES (858,7,3,'2019-09-21 11:36:26',2);
INSERT INTO order_table (`order_id`,`order_qty`,`item_id`,`order_completedAT`,`emp_id`) VALUES (859,10,4,'2019-09-21 00:00:45',1);
INSERT INTO order_table (`order_id`,`order_qty`,`item_id`,`order_completedAT`,`emp_id`) VALUES (860,7,4,'2019-09-28 07:05:44',1);
INSERT INTO order_table (`order_id`,`order_qty`,`item_id`,`order_completedAT`,`emp_id`) VALUES (861,8,3,'2019-08-26 09:55:39',3);
INSERT INTO order_table (`order_id`,`order_qty`,`item_id`,`order_completedAT`,`emp_id`) VALUES (862,7,2,'2019-09-04 17:00:03',4);
INSERT INTO order_table (`order_id`,`order_qty`,`item_id`,`order_completedAT`,`emp_id`) VALUES (863,1,6,'2019-09-04 08:40:41',1);
INSERT INTO order_table (`order_id`,`order_qty`,`item_id`,`order_completedAT`,`emp_id`) VALUES (864,6,7,'2019-08-09 06:58:31',3);
INSERT INTO order_table (`order_id`,`order_qty`,`item_id`,`order_completedAT`,`emp_id`) VALUES (865,7,9,'2019-08-27 17:32:59',3);
INSERT INTO order_table (`order_id`,`order_qty`,`item_id`,`order_completedAT`,`emp_id`) VALUES (866,7,8,'2019-09-10 20:34:46',1);
INSERT INTO order_table (`order_id`,`order_qty`,`item_id`,`order_completedAT`,`emp_id`) VALUES (867,8,10,'2019-08-03 15:56:15',4);
INSERT INTO order_table (`order_id`,`order_qty`,`item_id`,`order_completedAT`,`emp_id`) VALUES (868,6,8,'2019-08-17 17:18:38',1);
INSERT INTO order_table (`order_id`,`order_qty`,`item_id`,`order_completedAT`,`emp_id`) VALUES (869,1,6,'2019-08-30 03:32:29',5);
INSERT INTO order_table (`order_id`,`order_qty`,`item_id`,`order_completedAT`,`emp_id`) VALUES (870,4,10,'2019-08-27 22:49:12',1);
INSERT INTO order_table (`order_id`,`order_qty`,`item_id`,`order_completedAT`,`emp_id`) VALUES (871,9,8,'2019-09-06 10:05:13',1);
INSERT INTO order_table (`order_id`,`order_qty`,`item_id`,`order_completedAT`,`emp_id`) VALUES (872,6,8,'2019-08-19 21:38:05',3);
INSERT INTO order_table (`order_id`,`order_qty`,`item_id`,`order_completedAT`,`emp_id`) VALUES (873,7,10,'2019-08-14 02:09:31',2);
INSERT INTO order_table (`order_id`,`order_qty`,`item_id`,`order_completedAT`,`emp_id`) VALUES (874,1,4,'2019-08-17 21:48:52',5);
INSERT INTO order_table (`order_id`,`order_qty`,`item_id`,`order_completedAT`,`emp_id`) VALUES (875,6,9,'2019-09-17 00:59:23',2);
INSERT INTO order_table (`order_id`,`order_qty`,`item_id`,`order_completedAT`,`emp_id`) VALUES (876,2,7,'2019-08-30 19:43:00',3);
INSERT INTO order_table (`order_id`,`order_qty`,`item_id`,`order_completedAT`,`emp_id`) VALUES (877,10,2,'2019-09-20 05:09:20',4);
INSERT INTO order_table (`order_id`,`order_qty`,`item_id`,`order_completedAT`,`emp_id`) VALUES (878,1,6,'2019-08-20 07:44:08',4);
INSERT INTO order_table (`order_id`,`order_qty`,`item_id`,`order_completedAT`,`emp_id`) VALUES (879,6,10,'2019-09-13 03:40:06',1);
INSERT INTO order_table (`order_id`,`order_qty`,`item_id`,`order_completedAT`,`emp_id`) VALUES (880,3,4,'2019-08-27 19:08:22',4);
INSERT INTO order_table (`order_id`,`order_qty`,`item_id`,`order_completedAT`,`emp_id`) VALUES (881,4,3,'2019-09-13 10:13:42',2);
INSERT INTO order_table (`order_id`,`order_qty`,`item_id`,`order_completedAT`,`emp_id`) VALUES (882,10,4,'2019-09-23 21:11:15',5);
INSERT INTO order_table (`order_id`,`order_qty`,`item_id`,`order_completedAT`,`emp_id`) VALUES (883,10,9,'2019-09-08 04:30:12',1);
INSERT INTO order_table (`order_id`,`order_qty`,`item_id`,`order_completedAT`,`emp_id`) VALUES (884,10,5,'2019-08-23 23:55:18',5);
INSERT INTO order_table (`order_id`,`order_qty`,`item_id`,`order_completedAT`,`emp_id`) VALUES (885,7,10,'2019-09-13 01:51:07',2);
INSERT INTO order_table (`order_id`,`order_qty`,`item_id`,`order_completedAT`,`emp_id`) VALUES (886,3,10,'2019-09-19 12:04:54',4);
INSERT INTO order_table (`order_id`,`order_qty`,`item_id`,`order_completedAT`,`emp_id`) VALUES (887,9,1,'2019-09-19 19:55:42',3);
INSERT INTO order_table (`order_id`,`order_qty`,`item_id`,`order_completedAT`,`emp_id`) VALUES (888,9,4,'2019-08-10 07:02:20',3);
INSERT INTO order_table (`order_id`,`order_qty`,`item_id`,`order_completedAT`,`emp_id`) VALUES (889,2,4,'2019-09-25 12:07:54',5);
INSERT INTO order_table (`order_id`,`order_qty`,`item_id`,`order_completedAT`,`emp_id`) VALUES (890,5,7,'2019-08-21 08:02:37',3);
INSERT INTO order_table (`order_id`,`order_qty`,`item_id`,`order_completedAT`,`emp_id`) VALUES (891,8,10,'2019-08-09 08:01:30',4);
INSERT INTO order_table (`order_id`,`order_qty`,`item_id`,`order_completedAT`,`emp_id`) VALUES (892,8,8,'2019-08-26 10:36:26',2);
INSERT INTO order_table (`order_id`,`order_qty`,`item_id`,`order_completedAT`,`emp_id`) VALUES (893,7,6,'2019-08-14 18:10:51',5);
INSERT INTO order_table (`order_id`,`order_qty`,`item_id`,`order_completedAT`,`emp_id`) VALUES (894,6,3,'2019-08-08 05:57:07',1);
INSERT INTO order_table (`order_id`,`order_qty`,`item_id`,`order_completedAT`,`emp_id`) VALUES (895,3,9,'2019-09-05 15:39:32',3);
INSERT INTO order_table (`order_id`,`order_qty`,`item_id`,`order_completedAT`,`emp_id`) VALUES (896,7,10,'2019-08-27 09:22:42',1);
INSERT INTO order_table (`order_id`,`order_qty`,`item_id`,`order_completedAT`,`emp_id`) VALUES (897,8,6,'2019-09-13 20:44:37',1);
INSERT INTO order_table (`order_id`,`order_qty`,`item_id`,`order_completedAT`,`emp_id`) VALUES (898,2,10,'2019-09-19 03:02:52',2);
INSERT INTO order_table (`order_id`,`order_qty`,`item_id`,`order_completedAT`,`emp_id`) VALUES (899,3,6,'2019-09-22 14:33:25',4);
INSERT INTO order_table (`order_id`,`order_qty`,`item_id`,`order_completedAT`,`emp_id`) VALUES (900,3,8,'2019-08-03 03:41:18',2);
INSERT INTO order_table (`order_id`,`order_qty`,`item_id`,`order_completedAT`,`emp_id`) VALUES (901,9,4,'2019-09-24 05:10:11',3);
INSERT INTO order_table (`order_id`,`order_qty`,`item_id`,`order_completedAT`,`emp_id`) VALUES (902,2,3,'2019-08-22 05:50:46',4);
INSERT INTO order_table (`order_id`,`order_qty`,`item_id`,`order_completedAT`,`emp_id`) VALUES (903,3,1,'2019-08-06 11:33:00',4);
INSERT INTO order_table (`order_id`,`order_qty`,`item_id`,`order_completedAT`,`emp_id`) VALUES (904,2,9,'2019-08-10 13:34:05',5);
INSERT INTO order_table (`order_id`,`order_qty`,`item_id`,`order_completedAT`,`emp_id`) VALUES (905,10,5,'2019-08-25 13:17:01',1);
INSERT INTO order_table (`order_id`,`order_qty`,`item_id`,`order_completedAT`,`emp_id`) VALUES (906,6,5,'2019-08-08 17:22:03',1);
INSERT INTO order_table (`order_id`,`order_qty`,`item_id`,`order_completedAT`,`emp_id`) VALUES (907,9,7,'2019-08-03 11:35:24',4);
INSERT INTO order_table (`order_id`,`order_qty`,`item_id`,`order_completedAT`,`emp_id`) VALUES (908,6,1,'2019-08-08 08:04:30',4);
INSERT INTO order_table (`order_id`,`order_qty`,`item_id`,`order_completedAT`,`emp_id`) VALUES (909,9,1,'2019-08-26 23:30:14',2);
INSERT INTO order_table (`order_id`,`order_qty`,`item_id`,`order_completedAT`,`emp_id`) VALUES (910,7,5,'2019-08-30 10:49:23',4);
INSERT INTO order_table (`order_id`,`order_qty`,`item_id`,`order_completedAT`,`emp_id`) VALUES (911,1,7,'2019-09-17 05:34:32',5);
INSERT INTO order_table (`order_id`,`order_qty`,`item_id`,`order_completedAT`,`emp_id`) VALUES (912,8,5,'2019-09-10 17:08:01',5);
INSERT INTO order_table (`order_id`,`order_qty`,`item_id`,`order_completedAT`,`emp_id`) VALUES (913,2,4,'2019-09-15 04:32:58',2);
INSERT INTO order_table (`order_id`,`order_qty`,`item_id`,`order_completedAT`,`emp_id`) VALUES (914,5,9,'2019-08-15 02:06:36',2);
INSERT INTO order_table (`order_id`,`order_qty`,`item_id`,`order_completedAT`,`emp_id`) VALUES (915,6,5,'2019-09-04 12:19:41',3);
INSERT INTO order_table (`order_id`,`order_qty`,`item_id`,`order_completedAT`,`emp_id`) VALUES (916,6,5,'2019-09-19 15:06:04',3);
INSERT INTO order_table (`order_id`,`order_qty`,`item_id`,`order_completedAT`,`emp_id`) VALUES (917,3,5,'2019-08-05 18:36:36',1);
INSERT INTO order_table (`order_id`,`order_qty`,`item_id`,`order_completedAT`,`emp_id`) VALUES (918,1,7,'2019-08-20 23:07:25',2);
INSERT INTO order_table (`order_id`,`order_qty`,`item_id`,`order_completedAT`,`emp_id`) VALUES (919,6,2,'2019-08-25 21:24:17',3);
INSERT INTO order_table (`order_id`,`order_qty`,`item_id`,`order_completedAT`,`emp_id`) VALUES (920,2,10,'2019-09-28 04:14:34',4);
INSERT INTO order_table (`order_id`,`order_qty`,`item_id`,`order_completedAT`,`emp_id`) VALUES (921,4,10,'2019-08-05 06:22:55',5);
INSERT INTO order_table (`order_id`,`order_qty`,`item_id`,`order_completedAT`,`emp_id`) VALUES (922,1,10,'2019-08-13 16:36:25',5);
INSERT INTO order_table (`order_id`,`order_qty`,`item_id`,`order_completedAT`,`emp_id`) VALUES (923,3,6,'2019-08-22 01:38:52',2);
INSERT INTO order_table (`order_id`,`order_qty`,`item_id`,`order_completedAT`,`emp_id`) VALUES (924,7,5,'2019-08-22 18:44:02',2);
INSERT INTO order_table (`order_id`,`order_qty`,`item_id`,`order_completedAT`,`emp_id`) VALUES (925,10,8,'2019-09-25 03:02:04',1);
INSERT INTO order_table (`order_id`,`order_qty`,`item_id`,`order_completedAT`,`emp_id`) VALUES (926,7,1,'2019-09-13 10:29:48',2);
INSERT INTO order_table (`order_id`,`order_qty`,`item_id`,`order_completedAT`,`emp_id`) VALUES (927,4,10,'2019-08-02 21:35:20',5);
INSERT INTO order_table (`order_id`,`order_qty`,`item_id`,`order_completedAT`,`emp_id`) VALUES (928,7,5,'2019-09-01 02:40:07',2);
INSERT INTO order_table (`order_id`,`order_qty`,`item_id`,`order_completedAT`,`emp_id`) VALUES (929,4,3,'2019-08-01 01:25:24',3);
INSERT INTO order_table (`order_id`,`order_qty`,`item_id`,`order_completedAT`,`emp_id`) VALUES (930,6,1,'2019-08-06 21:22:56',4);
INSERT INTO order_table (`order_id`,`order_qty`,`item_id`,`order_completedAT`,`emp_id`) VALUES (931,9,5,'2019-09-05 13:30:19',5);
INSERT INTO order_table (`order_id`,`order_qty`,`item_id`,`order_completedAT`,`emp_id`) VALUES (932,7,6,'2019-08-22 12:35:55',4);
INSERT INTO order_table (`order_id`,`order_qty`,`item_id`,`order_completedAT`,`emp_id`) VALUES (933,4,9,'2019-08-25 06:30:54',5);
INSERT INTO order_table (`order_id`,`order_qty`,`item_id`,`order_completedAT`,`emp_id`) VALUES (934,4,2,'2019-09-14 04:15:58',3);
INSERT INTO order_table (`order_id`,`order_qty`,`item_id`,`order_completedAT`,`emp_id`) VALUES (935,3,5,'2019-09-19 09:26:44',1);
INSERT INTO order_table (`order_id`,`order_qty`,`item_id`,`order_completedAT`,`emp_id`) VALUES (936,3,9,'2019-08-27 12:42:16',4);
INSERT INTO order_table (`order_id`,`order_qty`,`item_id`,`order_completedAT`,`emp_id`) VALUES (937,4,6,'2019-08-24 11:47:36',2);
INSERT INTO order_table (`order_id`,`order_qty`,`item_id`,`order_completedAT`,`emp_id`) VALUES (938,2,5,'2019-09-22 18:18:08',5);
INSERT INTO order_table (`order_id`,`order_qty`,`item_id`,`order_completedAT`,`emp_id`) VALUES (939,10,3,'2019-08-15 14:26:53',1);
INSERT INTO order_table (`order_id`,`order_qty`,`item_id`,`order_completedAT`,`emp_id`) VALUES (940,7,8,'2019-09-01 07:11:51',4);
INSERT INTO order_table (`order_id`,`order_qty`,`item_id`,`order_completedAT`,`emp_id`) VALUES (941,9,7,'2019-09-10 21:04:14',5);
INSERT INTO order_table (`order_id`,`order_qty`,`item_id`,`order_completedAT`,`emp_id`) VALUES (942,3,5,'2019-09-11 11:57:50',5);
INSERT INTO order_table (`order_id`,`order_qty`,`item_id`,`order_completedAT`,`emp_id`) VALUES (943,6,5,'2019-08-19 20:27:56',5);
INSERT INTO order_table (`order_id`,`order_qty`,`item_id`,`order_completedAT`,`emp_id`) VALUES (944,6,7,'2019-08-21 20:20:05',1);
INSERT INTO order_table (`order_id`,`order_qty`,`item_id`,`order_completedAT`,`emp_id`) VALUES (945,6,1,'2019-08-08 06:03:15',4);
INSERT INTO order_table (`order_id`,`order_qty`,`item_id`,`order_completedAT`,`emp_id`) VALUES (946,1,6,'2019-08-18 23:26:23',5);
INSERT INTO order_table (`order_id`,`order_qty`,`item_id`,`order_completedAT`,`emp_id`) VALUES (947,10,5,'2019-09-12 11:52:18',1);
INSERT INTO order_table (`order_id`,`order_qty`,`item_id`,`order_completedAT`,`emp_id`) VALUES (948,5,8,'2019-08-02 08:05:21',4);
INSERT INTO order_table (`order_id`,`order_qty`,`item_id`,`order_completedAT`,`emp_id`) VALUES (949,2,8,'2019-08-26 06:13:01',4);
INSERT INTO order_table (`order_id`,`order_qty`,`item_id`,`order_completedAT`,`emp_id`) VALUES (950,3,9,'2019-09-22 15:44:36',4);
INSERT INTO order_table (`order_id`,`order_qty`,`item_id`,`order_completedAT`,`emp_id`) VALUES (951,8,5,'2019-09-06 03:20:26',1);
INSERT INTO order_table (`order_id`,`order_qty`,`item_id`,`order_completedAT`,`emp_id`) VALUES (952,4,8,'2019-08-09 18:31:07',4);
INSERT INTO order_table (`order_id`,`order_qty`,`item_id`,`order_completedAT`,`emp_id`) VALUES (953,1,7,'2019-08-13 16:45:07',4);
INSERT INTO order_table (`order_id`,`order_qty`,`item_id`,`order_completedAT`,`emp_id`) VALUES (954,8,8,'2019-08-23 00:02:50',3);
INSERT INTO order_table (`order_id`,`order_qty`,`item_id`,`order_completedAT`,`emp_id`) VALUES (955,1,3,'2019-09-08 01:05:57',5);
INSERT INTO order_table (`order_id`,`order_qty`,`item_id`,`order_completedAT`,`emp_id`) VALUES (956,9,7,'2019-08-18 18:00:49',4);
INSERT INTO order_table (`order_id`,`order_qty`,`item_id`,`order_completedAT`,`emp_id`) VALUES (957,6,7,'2019-09-14 11:27:31',1);
INSERT INTO order_table (`order_id`,`order_qty`,`item_id`,`order_completedAT`,`emp_id`) VALUES (958,9,6,'2019-08-30 11:59:16',1);
INSERT INTO order_table (`order_id`,`order_qty`,`item_id`,`order_completedAT`,`emp_id`) VALUES (959,3,10,'2019-09-18 18:55:05',1);
INSERT INTO order_table (`order_id`,`order_qty`,`item_id`,`order_completedAT`,`emp_id`) VALUES (960,3,5,'2019-08-02 14:05:32',2);
INSERT INTO order_table (`order_id`,`order_qty`,`item_id`,`order_completedAT`,`emp_id`) VALUES (961,2,6,'2019-09-21 05:27:31',5);
INSERT INTO order_table (`order_id`,`order_qty`,`item_id`,`order_completedAT`,`emp_id`) VALUES (962,5,10,'2019-09-12 14:07:49',3);
INSERT INTO order_table (`order_id`,`order_qty`,`item_id`,`order_completedAT`,`emp_id`) VALUES (963,10,8,'2019-08-02 18:50:49',5);
INSERT INTO order_table (`order_id`,`order_qty`,`item_id`,`order_completedAT`,`emp_id`) VALUES (964,2,10,'2019-08-07 01:12:47',4);
INSERT INTO order_table (`order_id`,`order_qty`,`item_id`,`order_completedAT`,`emp_id`) VALUES (965,5,3,'2019-09-01 22:58:56',4);
INSERT INTO order_table (`order_id`,`order_qty`,`item_id`,`order_completedAT`,`emp_id`) VALUES (966,1,6,'2019-09-06 03:16:34',2);
INSERT INTO order_table (`order_id`,`order_qty`,`item_id`,`order_completedAT`,`emp_id`) VALUES (967,5,7,'2019-09-22 20:38:16',1);
INSERT INTO order_table (`order_id`,`order_qty`,`item_id`,`order_completedAT`,`emp_id`) VALUES (968,4,9,'2019-08-10 17:59:16',3);
INSERT INTO order_table (`order_id`,`order_qty`,`item_id`,`order_completedAT`,`emp_id`) VALUES (969,6,6,'2019-08-01 18:06:36',4);
INSERT INTO order_table (`order_id`,`order_qty`,`item_id`,`order_completedAT`,`emp_id`) VALUES (970,5,6,'2019-08-02 13:29:19',1);
INSERT INTO order_table (`order_id`,`order_qty`,`item_id`,`order_completedAT`,`emp_id`) VALUES (971,10,3,'2019-08-02 05:05:05',3);
INSERT INTO order_table (`order_id`,`order_qty`,`item_id`,`order_completedAT`,`emp_id`) VALUES (972,7,3,'2019-08-19 22:18:23',4);
INSERT INTO order_table (`order_id`,`order_qty`,`item_id`,`order_completedAT`,`emp_id`) VALUES (973,9,10,'2019-08-16 10:09:39',5);
INSERT INTO order_table (`order_id`,`order_qty`,`item_id`,`order_completedAT`,`emp_id`) VALUES (974,4,5,'2019-09-06 07:06:12',3);
INSERT INTO order_table (`order_id`,`order_qty`,`item_id`,`order_completedAT`,`emp_id`) VALUES (975,4,4,'2019-08-03 10:45:46',3);
INSERT INTO order_table (`order_id`,`order_qty`,`item_id`,`order_completedAT`,`emp_id`) VALUES (976,3,4,'2019-09-10 13:17:51',5);
INSERT INTO order_table (`order_id`,`order_qty`,`item_id`,`order_completedAT`,`emp_id`) VALUES (977,4,7,'2019-09-29 17:59:47',3);
INSERT INTO order_table (`order_id`,`order_qty`,`item_id`,`order_completedAT`,`emp_id`) VALUES (978,8,1,'2019-08-19 12:01:41',1);
INSERT INTO order_table (`order_id`,`order_qty`,`item_id`,`order_completedAT`,`emp_id`) VALUES (979,7,8,'2019-09-11 10:07:46',3);
INSERT INTO order_table (`order_id`,`order_qty`,`item_id`,`order_completedAT`,`emp_id`) VALUES (980,8,2,'2019-09-04 08:18:58',2);
INSERT INTO order_table (`order_id`,`order_qty`,`item_id`,`order_completedAT`,`emp_id`) VALUES (981,7,1,'2019-08-14 23:08:24',2);
INSERT INTO order_table (`order_id`,`order_qty`,`item_id`,`order_completedAT`,`emp_id`) VALUES (982,6,8,'2019-08-03 16:48:57',5);
INSERT INTO order_table (`order_id`,`order_qty`,`item_id`,`order_completedAT`,`emp_id`) VALUES (983,7,7,'2019-08-24 03:53:07',3);
INSERT INTO order_table (`order_id`,`order_qty`,`item_id`,`order_completedAT`,`emp_id`) VALUES (984,5,2,'2019-09-12 06:02:05',4);
INSERT INTO order_table (`order_id`,`order_qty`,`item_id`,`order_completedAT`,`emp_id`) VALUES (985,2,7,'2019-09-25 12:14:38',4);
INSERT INTO order_table (`order_id`,`order_qty`,`item_id`,`order_completedAT`,`emp_id`) VALUES (986,7,5,'2019-09-29 01:05:26',1);
INSERT INTO order_table (`order_id`,`order_qty`,`item_id`,`order_completedAT`,`emp_id`) VALUES (987,4,8,'2019-09-22 12:57:21',4);
INSERT INTO order_table (`order_id`,`order_qty`,`item_id`,`order_completedAT`,`emp_id`) VALUES (988,8,7,'2019-08-26 10:45:27',5);
INSERT INTO order_table (`order_id`,`order_qty`,`item_id`,`order_completedAT`,`emp_id`) VALUES (989,2,5,'2019-09-20 22:40:23',3);
INSERT INTO order_table (`order_id`,`order_qty`,`item_id`,`order_completedAT`,`emp_id`) VALUES (990,3,3,'2019-09-12 22:38:00',2);
INSERT INTO order_table (`order_id`,`order_qty`,`item_id`,`order_completedAT`,`emp_id`) VALUES (991,9,7,'2019-09-02 03:46:48',3);
INSERT INTO order_table (`order_id`,`order_qty`,`item_id`,`order_completedAT`,`emp_id`) VALUES (992,3,4,'2019-08-24 17:00:32',3);
INSERT INTO order_table (`order_id`,`order_qty`,`item_id`,`order_completedAT`,`emp_id`) VALUES (993,6,4,'2019-09-18 09:12:45',5);
INSERT INTO order_table (`order_id`,`order_qty`,`item_id`,`order_completedAT`,`emp_id`) VALUES (994,7,4,'2019-09-25 21:56:41',4);
INSERT INTO order_table (`order_id`,`order_qty`,`item_id`,`order_completedAT`,`emp_id`) VALUES (995,7,2,'2019-09-25 20:00:59',5);
INSERT INTO order_table (`order_id`,`order_qty`,`item_id`,`order_completedAT`,`emp_id`) VALUES (996,9,1,'2019-09-29 23:32:27',5);
INSERT INTO order_table (`order_id`,`order_qty`,`item_id`,`order_completedAT`,`emp_id`) VALUES (997,9,4,'2019-08-09 05:15:26',5);
INSERT INTO order_table (`order_id`,`order_qty`,`item_id`,`order_completedAT`,`emp_id`) VALUES (998,3,2,'2019-08-02 01:50:05',2);
INSERT INTO order_table (`order_id`,`order_qty`,`item_id`,`order_completedAT`,`emp_id`) VALUES (999,10,6,'2019-09-17 02:01:02',3);
INSERT INTO order_table (`order_id`,`order_qty`,`item_id`,`order_completedAT`,`emp_id`) VALUES (1000,2,10,'2019-09-14 09:49:40',2);
